Id,Password,Name,Gender,Views,Purchases,Preferences
0,2266,Isiah,male,12;98;40,,
1,3154,Adilene,female,49;69;19;70;87;0;35;14;57;89;48;24;79;39;6;73;37;27;84,19;37;89;27;69;49;24;0;70;14,
2,5819,Humphrey,male,22;39;35;99;69;42;98;59;34;44;8,59;35;39;98;99,
3,9161,Iliana,female,45,,
4,3416,Aleena,female,27;53;24;9;35;18;29,27;9;18;24;35,
5,4844,Norene,female,91;55;9;30;0;77;24;22;94,91;77;55,
6,2699,Yoselin,female,37;59;30;21;84;65;41;5;81;1;31;13,65;81;30;1;37;84;31;21,
7,4913,Deetta,female,68;11;39;46;37;28;10;31;17;93;72;9;85;52;19;36;79;64,31;17;52;72;37;19;68;93;36;10,
8,4468,Bessie,male,97;76;22;63;32;13;90;25,90;97;13;63,
9,1256,Chaz,male,70;50;35;84;30;64;21;33;11,35;70;64;50;21;84,
10,6375,Dorothea,female,77;54;12;10;2;48;42;81;7;70;68;57;20;25;46;47;61;14;23;93,61;42;68;54;48;57;81;20;7;23;14;77,
11,7375,Orelia,female,5;41;23;34;51;64;25;33;10,64;51;33;25;23;5,
12,3886,Lucia,a skirt for men,19;17;99;96;30;29;75;14;79;90,,
14,5897,Bula,female,81;16;61;8;92,,
15,2089,Granville,male,7;55;31;47;84;68;78;1;86;18;79;82;22;14;97;48;85;83;38,84;7;78;48;83;22;97,
16,2590,Attilio,male,21;46;27;87;70;50;89;96;28;58;43;49;48;5;4;65;60;12;90,12;5;49;27;48;87;43;89;60;28,
17,7380,Amina,female,53,,
18,9124,Jolette,female,66;94;75;35;11;68;19;57;6;23;73;87;92;39;22;80;79;82;71;49,39,
19,2329,Norene,female,12;73;23;82;90;95;33;59;27;93;31;34;13;94;63,33;13;27,
20,9148,Louanna,female,34;61;93;58;1;18;7;85;81;26;3;42;2;6;35;21;87;54;0;37;69;65;76;32,21;69;0;87;93;58;42;81;2;7;65;3;85;6;76;37;35;26;1;34;54;61;18,
21,1026,Eliseo,male,56;65;18;96;77;53;52;99;13;42,96;53,
22,8607,Vollie,male,72;84;83;85;96;38;48;80;35;44,72;35;85;83;96;48;38;80;84,
23,8409,Blanca,female,60;26;62;77;28;85;49;7;73;18;72;88;92,7;60;73,
24,4364,Kade,male,39;29;31;54;52;12;15;73;79;82;70;69;78;91;80;72;5;62;45,91;62;69;15;5;79;29;78;31;73,
25,3014,Cael,male,90;9;56;85,,
26,2079,Demetria,female,54;33;50;82;86;90;0;24;98;31;44;43;28;87;99;9;14;62;78;30;63;8,28;54;98;78;30;44;31;33;99;63;50;87,
27,7562,Ryland,male,91;23;64;95;24;29;16,23;29;64;91;95;24,
28,6922,Evette,female,85;76;71;44;18;1;86,18;76;44;85;1,
29,8802,Zenas,male,93;7;60;6;91;33;18;29;23;4;80,,
30,3062,Tiney,female,96;59;70;38;83;15;97,,
31,7611,Dorla,female,14;94;16;98;50;49;60;97;12;79;95;34;42;9;86;51;13;59;64;96;81;33;76;65;2,76;14;65;33;51;97,
32,7294,Jolie,female,3;26;88;55;50;59;8;75;19;94;34;61;37;22,55;8,
33,8920,Anne,female,97;49;39;80;29;22;86,29,
34,4855,Teagan,male,32;70;59;71;98;72;45;73;61,45;32;59,
35,8948,Sharita,female,72;46;59;27;69;96;50;70;54;49;67;56;94;81,50;27;67;72;69;54;70;46;49,
36,1647,Carie,female,25;31;56;92;53;77;12;64;37;52;95;13;5;44;27;16;86;15;36,86;77;25;31;64;27;5;56;13;37;53;12;52,
37,1760,Arnold,male,51;99;73;20;37;27;39;3;79;71;10;92;6;78;16;41;50;98,99;73;92;39;79;16;37;71;3;10;78;20;27;41;6;51,
38,9815,Letty,female,37;88,,
39,4885,Ara,female,19;88;63;25;73;60;32;24;1;65;53;87;26;74;7;33;0;62;80;4;72;90;95;86,,
40,6761,Moses,male,62;4;75;42;29;9;92;55;73;43;20;60;86;93,86;42;62,
41,3179,Foy,male,61;66;14;96;4,14;96;61;66,
42,8227,Arlie,male,86;55;26;59;13;83;98;14;60;51;90;39;1;69;10;56;85;84;75;0;43,98,
43,5269,Stacia,female,72;85;9;93;65;12;43;79;77;88;22;4;53;52,77;88;85;93;22;65;72;43;79,
44,5655,Mallie,female,2;83;39;33;80;45;61;94;17;99;55;70;49;51;53;13,39;61;33;83,
45,3604,Alvira,female,35;96;60;25;44;59;88;39;1;21;26;99;20;57;42;15;49;18;91;66;89;6,1;60;57;42;18;59;91;39;15;89;44;66;35;88,
46,9303,Mason,male,7,,
47,6603,Meaghan,female,91;7;30;34;15;0;13;48;74;41;82;84;38;52;53;19;10;86;65;83;32;77;51;60,77;51;13;52;48;53;82;19;65;91;74;34;83;86,
48,8441,Nolia,female,89;23;91;18;42;5;99;29;10;98;61;3;31;15;13;67,18;29;91;42;31;99;13;23;98;10;89;61;3;15,
49,6267,Unnamed,male,17;25;32;33;57;72;23;76;26;35;70;56;1;11;7,26,
50,2548,Kenan,male,91;97;69;86;55;13;0;56;80;93;99;53;27;89;60;90;19;42;72;74;39;52;76;1,72;76;97;89;13;60;27;80;52;56;42;99;93;55;90;69;39;19;91;86;53;74,
51,7732,Arkie,female,76;26;55;9;30;81;94;0;16;15,9;26;55;81;0;94;30;16,
52,7822,Marylyn,female,27,,
53,5293,Francies,female,25;65;57;86;55;7;2;30;48;23;88;94;58;27,48;94;23;2;55;7,
54,1599,Tula,female,80;90;14;60;72;5,90;60,
55,3362,Huy,male,68;15;56;18;41;54,68;41;56;18,
56,6726,Rashaan,male,25;36,25,
57,7558,Dalvin,male,6;23;78;76;4;2;30;75;44;98,78;30,
58,7155,Corina,female,77;19;97;23;44,23,
59,5743,Hobson,male,24;1,24,
60,4050,Vernelle,female,87;36;73;95;65;23;45;34;19;27;0;70;30;16;1,30;27;65;36;0;73;70;23;34;95,
61,6746,Emilia,female,19;18;35;90;27;98;8;54;16;60;88;56;66;83;37;2;30,54,
62,2204,Tenika,female,35;21;53;86;5;83;56;30;66;54;93;46;47;13;43;96;41,83;5;47;66,
63,7451,Elsie,male,98;30;18;77;21;72;71;25;8;27;7;15;95;61;94;54,98;72;95;30,
64,1637,Dustin,male,92;45;87;44;4;61;17;84;51;56;88;75;78;23;9;7;94;21;77;90,45;9;44;84;92;94;56;88,
65,4531,Mose,male,43;77;10;46;17;12;44;91;99;55;1;6;14;56;15;62,17;10;46;14;1;99;91;12;6;56;43;77;44;55;15,
66,2247,Newton,male,80;38;24;10;91;66;46;44;94;2;3,91;94;2;46;10;66;38;80;24,
67,9592,Crawford,male,62;98;42;2,42;98,
68,3516,Anson,male,38;32;60;2;23;10;72;90;48;62;6;94;8,10;60,
69,7660,Mavis,female,60;90;57;32;48;97;59,97;90;32;60;57;48,
70,7874,Matthias,male,31;61;76;94;70;93;95;36;44;69;60;6;7;29;16;79;27;1;47;52;43;49;39;13,31;60;79;95;6;39;27;52;47;69;7;1;76;36;49;29;94,
71,8131,Dosia,female,55;19;68;50;69;45;57;23,50;19,
72,8067,Roxie,female,83,,
73,6532,Dasia,female,85;67;89;63;11;48;19;43;23;34;99;95;62;94;96;60;52;20;0;4,94;43;95;85;60,
74,3664,Dorr,male,26;14;80;68;45;38;53;42;59;22;91;79;35;9;96;98;63;81;29;17;72,96;26;14;80,
75,5480,Tressa,female,44;36;98;3;0;45;13;33;54;59;34;50;85;63;57;70;71;2;94;1;5;83;14;47;46,70;98;54;3;71;14;36;50;34;83;59,
76,6643,Harper,male,22;87;76;70;52;20;73;3;36;98;55;69;62;47;8;14;74,3;69;8;76;36;20;22,
77,7311,Kyan,male,2;96;93;28,,
78,2303,Genaro,male,83;46;58;69;60;43;11;12;89;96;72;79,83;89;43;69;96;46,
79,1353,Crockett,male,95;24;80;70;82;37;59;11;56;77;30;74;81;96;66;85,66;24;82;30;95;59;11;80,
80,5222,Lonnie,male,47;8;25;5;43;61;4;71;30;59;23;90;83;27;20;81,61,
81,7222,Barbara,male,33;27;36;41;43;93;49;31;87;88;45;65;15;1;83;60;99;77,45;88;43;27;65;93;15;49;36;41;31;99;1;60;83;87,
82,7645,Victorine,female,44;52;9;13;95;86;75;49;42;81;92;20;56;87;7;73;12;83,92,
83,1033,Vonda,female,69;15;97;40;87;27;24;42;39;41;44;26;62;8;29,40;62;24,
84,6418,Dawna,female,83;72;49;44;39;61;89;74;46;0;52;38;94;87;9;47;18;32,46,
85,2461,Lila,female,22;47;12;46;32;71;23;96;95;75;11;33;3;83;24;50,23,
86,2608,Jenelle,female,32;19;81;14;42;51;31;38;90;54;12;65;68;1;24;16;83,31;51;19;24;38;90;81;65;68;54;32;16;12;42,
87,7862,Jailyn,female,28;0;59;85,59;0;28,
88,5526,Ben,male,96;14,96,
89,5286,Mai,female,78;64;45;55;28;6;57;61;73;36;51;99;90;7;87;43;70;72;69;93;2,7;64;28;61,
90,8657,Tammie,female,41;33;50;93;87;55;11;70;12;18;39;82;71;5;96;2;90;24;7;81;56,71;81;39;41;7;12,
91,2377,Donell,male,62;36;60;88;18;55;38;66;46;24;58;3;96;12;69;53;26;67;22;70;37,69;62;67;88;36;70;26;60;12;55;24;66;46;53;96;38;58;18;22,
92,1084,Hilary,male,58;64;55;42;38;37;96;78;87;74;34;68;24;10;46;11;6;49;60,55;78;6;24;74;68;38;58;96;37;11;64;42;34;49;87;10;46,
93,5093,Jamila,female,80;83;81;99;47;44;20;87;2;39;45;49;60;51;13;74;78;54;6;28;68;62,45;39;13;44;49;81;80;99;51;68;60;87;20;74;54;6,
94,6864,Clotilda,female,39;55;11;16;60;98;80;57;88;24;17;46;82;49;21;85;74;5;12;72,17;85;74;16;55;80;5;57;88;24;49;39;12;60;46;21;11;82,
95,7285,Magnolia,female,66;54;6;57;44;61;52;7,6,
96,4741,Norris,male,51,,
97,5327,Demetri,male,92;69;47;6;99;23;74;85;40;3;60;37;71;42;79;72;39;38;17;90;65,74;47;17;40;42;69;72;6;79;3,
98,4314,Amado,male,97;48;9;72;34;47;87;90;37,34;72,
99,2066,Hakim,male,25;98;31;90;78;61;80;8;89;51;22;95,89;31;78;8;22;25;61;90,
100,8522,Paul,male,14;50;47;7;37;23;45;79,23;50;37;14,
101,6774,Cheyanne,female,3;9;16;29;40;76;25;98;60;6;39;50;89;26;83;24;66;80;49;67;88,40;39,
102,3953,Bryton,male,79;2;58;84;18;82;33;29;99;8;86;92;15;73;26;11;46;37,79;33;92;2;18;99;73;8;84;26;29;58;86;46;11;82,
103,1388,Alexandrea,female,93;24;85;69;35;10;73;79;82;32;9;49;11;90;77;5,69;49;73;32;79;9,
104,4823,Tyquan,male,66;12;82;24;40,82;12,
105,4727,Nancie,female,77;51;57;56;92;50;58;39;21;20;91;62;15;47;78;23;76;49;8;85;34;81;40,23;56;62;81;51;20;57;78;49;21;34;8;91;76;50;85;92;47,
106,9932,Denis,male,94;52;89;48;96;10;47;50;74;85;67;1;21;18;11;6;32;63;20;93;45;65,85;63;20;52;48;47;18;1;50;21;89,
107,6559,Teela,female,45;60;4;50;69;2;38;20;95;27;16;90,27;69;38;16;45;20;95;50;2;4,
108,8905,Christiana,female,83;52;85;30;36;34;20;22;86;69,30;83;34,
109,8624,Everette,male,50;74;21;32;7;24;23,24;74,
110,4220,Christel,female,32;78;42;56;69;20,78;69;42;32;56,
111,8263,Judyth,female,26;75;31;5;2;85;71;9;17;68;19;24;55;98;60;35;50;73;52,75;24;31;85;26;55;17;19;9;73;68;98;35;60;5;71;50,
112,8359,Juston,male,28;58;27;15;77;20;91;24;73;54;4;50;25;80;55;75;38;78;2;48,28;91;75;78;4,
113,2739,Mathews,male,11;46;70;81;82;83;16;87;14;8;29;22;5;92;13,,
114,2996,Stewart,male,27;73;15;78;75,27,
115,4666,Ogden,male,60;42;86,42;60,
116,4907,Montgomery,male,90;2;18;57;23;52;81;40;56;16;68;61;45;22;30;42;9;1;6;11;80;46,68;90;42;56;52;80;40;11;30,
117,5719,Elliot,male,8;42;5;29;23;67;48;26;39;78;38;73;51;4;45;24;19;77;16;93;1;99;68;70,45;67;8;42;48;26;77;29;16;73;78;24;4;99;39;38;5,
118,9833,Maryjane,female,29;60;68;47;5;78;77;19;46;82;44;8;55;58;23;26;76;92,23,
119,9006,Woodrow,male,20;50;22;6;26;38;9;2;32;99;42,38,
120,5141,Cicero,male,3;97;32;76;0;41;94;42;71;57;53;14;13;8;92;83;23;2;54;48;77,23;76;8;53;14;97;3,
121,7445,Makai,male,97;73;18;4;23;92,97;18;23,
122,2024,Jorja,female,16;4;26;32;35;67;69;80;91;25;79;95;40;51;28,69;95;4;79;80;91;25;16;32;40;51;35;67;26,
123,8844,Dustan,male,94;4;3;92;69;20;72;34;36;65;29;38;85;12,20;85;38;3;29;34;36,
124,8253,Rosario,male,41;40;42;93;2;58;35;70;53;15;49;18;10;47;1;90;36;54,15;93;1;53;90;36,
125,2263,Lizabeth,female,28;86;41;22;33;70;85;76;66;71;55;80;68,22;41;55;66,
126,9696,Jaimee,female,42;83;1,42,
127,2063,Erling,male,93;52;94;48;30;65;99;38;39;73;37,73;99;39;52,
128,4012,Con,male,32;86;9;47;48;76;81,47;48,
129,6440,Marquita,female,28;35;17;70;47;77;73;96;52;4;71;84;31;18;7;85;49;65;59;80;54;19;14;6;94,4;18;19;7;54;52;14;49,
130,5407,Jaiden,male,20;29;75;57;13;97;89;10;30;91;84;39;17;8,75;97;30;91;20;13;57;10;39;84,
131,3748,Justine,male,16;41;9;12;97;13;22;64;54;46;74;32;67,13;74;22;64;16;46,
132,4982,Author,male,35;37;26;30;20;2;23;99;94;72;4;54;27;22;31;62;68;64;38;36;93;91,54;72;36;93;99;37;68;38;30;31;64;4;27;20;62;26;35;23,
133,2689,Vanesa,female,89;7;69;41;74;94;36;46;78;47;12,41;74;89;46;69;36,
134,9674,Akeem,male,77;71;25;79;58;36;12;84;39;96;62;10;70;98;38;46;64;66,62;79;64;39;38;71;36;84;70;46,
135,5733,Wesley,male,89;6;73;35;3;96;42;69;65;34,,
136,2047,Deshaun,male,42;51;57;87;27;44;49;20;45;77,42;20;57;44;51;45,
137,9382,Arah,female,67;0;97;34;49;90;95;40;71;76;35;9;43;12;15;22;94;8;23;89;64;75;48;83,,
138,9775,Shaquana,female,62;53;2;14;5;38;45;57;26;51;80;63;77;64;94,38;45;62;80;77;26;14;2;63;5,
139,2214,Arline,female,73;67;53;29;21;94;27;19;38;4;75;0,19,
140,3575,Ewald,male,59;63;79;83;50;95,83;63;59,
141,1302,Norman,male,33;21;97;47;61;91;18;95;65;24;1;60;43;78;80;34;28;9,95;28;33;65;24;1;91;34;80;21,
142,1232,Maebell,female,22;17;69;95;18;14;79;88;94;32;83;34;98;55;87;65,17;32;98,
143,4698,Arther,male,93;89;61;97;17;14;7;21,93;14;7,
144,4087,Marianna,female,11;9;0;12,,
145,4772,Mylee,female,51;85;29;91;15;25;74;84;57;62;48;73;70;64;46;12;54;92;56;78;24;20;98;72;53,,
146,3434,Farrah,female,3;39;96;53;45;10;1;94;40;20;79;29;7;42,,
147,2601,Torrie,female,7;99;50;17;44;48;15;68;9;1;86;3;94;78,44;50;99;9;48;1;17;7;86,
148,3143,Shona,female,61;86;22;24;89;76;82;83;91;59,86;89;82;24;22;76;83;61;91,
149,7534,Lelar,female,5;24;96;57;92;97;10;99;79;77;66;37;70,24;97,
150,7853,Lorine,female,23;8,,
151,7158,Michael,male,22;13;79;30;34;93;71;88;70;27;99;21;61;86;24;2;72;28;87;57;44;48;66;39,2,
152,7855,Izabelle,female,40;60;48,,
153,7546,Nanna,female,49;0;97,49,
154,4760,Alcee,male,59,,
155,6761,Jalissa,female,65;29;56;73;83;7;13;84;88;70;37;27;87;52;39;86;20;69;71;35;60;92,73;37;60;69;65;52;84;13;88;56;87;20,
156,8360,Manie,female,13;7;44;98;96;22;85;49;67;20,85;67;44,
157,5111,Una,female,35;21;37;69;5;14;86;31;79;98;43;91;66;93;53;75;20,53;35;14,
158,6203,Lempi,female,71,,
159,5402,Nicolle,female,44;70;81;94;32;80;85;54;37;45;97;86;6;8;71;63;59;12;67;62;88;9;23;47,94;97;6;45;9;8;59;63;70;62;54;32;81;44;88;80;12;23;37,
160,1045,Victory,female,1;57;37;73;33;68;21;83;11;95;7;99;54;58;93;72;26;19;75;97,1;99;26;95;75;21;11;68;37;83;93;54;73;57,
161,8002,Parlee,female,74;26;93;4;41;91;92;69;65;29,91;65;74;69,
162,9164,Lovina,female,3;26;19;83;37;20;51;28,,
163,4394,Alena,female,35;24;70;48;23,,
164,2269,Vincent,male,29;47;78;16;57;97;19;36;94;79;76;7;22;49;24;53;2;52;21;11;18;91;33;17,78;19;22;33,
165,9997,Eugene,male,10;24;66;33;52;83;89;88;5;61;86;40,88,
166,3206,Devonta,male,61;86;69;42;60;25;56;21;9;34;35;93;27;17;30;2;87;28;49,69;27;30;61;9;93;35;17;87;56;34;21,
167,8475,Gerardo,male,79;73;0;18;5;63;82;54;20;53,63;0;82;54;79;20,
168,5075,Malvina,female,88;70;16;14;2;1;38;84;48;76;66;23;31;24;62;0,84;16;14;88;23;66;62;31;38;2;76;24;70;1,
169,8836,Wash,male,3;53;63;15;41;71;35;61;16,71,
170,3842,Nichelle,female,41;72;14,,
171,4723,Krissy,female,30;97;54,,
172,1342,Wes,male,7;76;2;56;12;27;45;6;10;58;0;8;59,76;10;27;12;0;56;8;58,
173,4614,Aliana,female,71;9;17;83;13;82;40;90;8;4,90;40;8;9,
174,7737,Alexzander,male,74;7;44;33;98;56;75;29;4;78;60;36;63;49;34;2;97;70;47;31;13,4;63;98,
175,4209,Natalee,female,27;63;58;3;85;28;50;9,58;50;3,
176,8335,Alpheus,male,65;82;8;35;57;97,,
177,5132,Rolanda,female,20;69;11,69,
178,5961,Coleen,female,15;82;50;28;83;39;42;68;0;63;93;84;19;34;45;18;44;2,93,
179,7428,Brant,male,67;97;89;9;73;45;50;35;92;28;60;70;53;39;5;6,89;9;92;39;28;5;45;50;70;73;97,
180,6187,Kierra,female,47;4;57;78;74,78;4;57,
181,3906,Lawson,male,15;19;23;59;90;22;67;77;81;38;96;62;34;56;25;80;14;94,14;56;34;23;81;59;80;15;90;25;96;38,
182,6434,Waverly,male,61;21;69;93;52;26;98;49;50;77;63;0;7;62;64;58;75;92;68;15;28;10;3;84,77;61;64;49;0;69,
183,3549,Raina,female,76;70;14,76,
184,3232,Ela,female,51;88;98;78;52;54;39,78;54,
185,5352,Paityn,female,87;61;56;57;45;49;40;67;74;48,87;49;74;56;40;61;45;67,
186,5496,Esco,male,87;84,,
187,2849,Dori,female,55;57;43;88;3;14;53;61;16;50;84;2;80,14;53;55;84;88;50;57;16;2,
188,1087,Bethany,female,34;71;20;98;27;52;83;72;60;73;49;29,60;83;49;52;98;71;72;20;27;73;34,
189,2870,Alexzander,male,93;43;75;0;98;17;5;51;84;90;53;95;62;8;61;82;86;25;1;22;20;39;94,25;20,
190,8442,Greta,female,67;19;36,67,
191,1685,Allyson,female,34;54;80;36;68;30;60;49;19;3;87;92;42;82;47;48;81;84;21;11,19;47,
192,4499,Grover,male,26;7;12;77;23;56;96;76;2;51;37;63;69;70;34;81;74;79;62;98;99;59;9,37;23;2;12,
193,7506,Kyan,male,27;65;98;11;31;95;6;17;62;99;16;42;29;49;58,65;6;62;27;95;17;11;98;31;16;49;29;99;42,
194,4139,Starla,female,6;90;94;54;57;11;61,94;90;57,
195,8962,Derl,male,54;27;98;9;22;85;49;25;38;88;20;97;40;50,,
196,5451,Travon,male,89;19;81;43;28;49;38;39;13,49;38;89;28;39;43;81,
197,1820,Lafayette,male,42;91,,
198,1966,Ballard,male,91;12;6,12,
199,7449,Colt,male,80;14;2;53;10;62;19;31;12;58;7;78;50;89;91;98;73;16;54;18;39;0;85,10;0;19;91;89;80;7;14;62;16;12;73,
200,6260,Alonza,male,9;5;90;84;42;81;88;34;31;73;39;3;72;29;51;64;28,39;51;3;84;64;31,
201,6999,Seldon,male,16;7;50,16,
202,9012,Merlyn,male,30;54;88;73;29;16;74;94;34;35;19;31;15,30;54;16;29;88;34;73;74;19;31;94,
203,7722,Donato,male,14;75;57;24;47;74;93;50;22;49;29;20;45,50;49;20;93;57,
204,9674,Autry,male,26;3;84;17;33;7;81;22;35;54;78;86,,
205,3342,Lanita,female,32;35;87;50;23;60;39;18;91;10;84;1;38;40;64;29;94;98;83,40;98;35;60;23;94;91;32;29;50;64;1;18,
206,2597,Starling,male,29;3;86;39,29;86;3,
207,9909,Lynsey,female,40;4;22;84;1;48;39;65;0;67;31,65,
208,1020,Omer,male,43;11;75;23;5;35;89;9;57;33,5;9;89;75;35;43;11,
209,6726,Rod,male,78;68;8;95;14;17;52;16;21;44;85;69,95;85,
210,4175,Levar,male,66;25;14;22;51;84;80;5;40;37;39;36;76;56,14,
211,3322,Clora,female,12;78;49;76;96;13;48;34;24;71;53;88;77;3;46;31;17,,
212,1149,Shelton,male,64;55;21;72;99;13;40;67;16;91;6;69;97;32;54;39,64;97;16;91,
213,6580,Tyson,male,20;99;48;17;77;22;31;29;60;91;74;70,20;31;99;74;29;77;48;60,
214,6464,Braxton,male,97;68;52;50;67,50;68;52;97,
215,7315,Trenton,male,7;60;98;13;21;81;27;77,21;98;7;81;27,
216,8611,Rafael,male,37;83;70;86;48;80;6;9;63;87;2;29;76;38;8;82;45,63;80;87;76;2;70;29;48;6,
217,1634,Teela,female,4;85;87;57;73;96;36;10;77;84;22;44;95,10;73;22;96;57;77;87;85;84;44;4,
218,3558,Alferd,male,64;7;68;53;81;21;43;73;52;58;5;63,73;58;7;5;21;68;64,
219,6026,Tishie,female,41;14;7;31;69;72;79,14;41;72;31,
220,2065,Lavonda,female,24;35;19;96;16;12;64;43;21;55;47;39;63;99;32;69;14;23;60;2;11;62;5;40,16;2;19,
221,3362,Cas,male,68;4;40;39;60;46;63;51;31;53;55;35;11;34;91,,
222,1044,Scottie,male,87;27;86;47;40;22;4;98;8;83;24;65,87;27;98;47;4;83;24;40;8;86,
223,7766,Nira,female,54;75;84;86;41;24;27;96;94;32,94;84;24,
224,4432,Esteban,male,26;85;24;14;64;57;27;83;22;21;78;19;29;12;80,14;24;57;85;27;29;22;78,
225,8184,Arron,male,63;81;15;17;36;22;62;27;37;34;95;83;53;47;76;75;68;44;1;40;73,37;83;75;63;68;40;36;15;34;95;76,
226,2664,Ethelene,female,3;63;14;15;74;75;50,75;14;63;74;15;3,
227,5208,Bambi,female,40;74;89;33;97;48;50;59;96;99;63;55;22;5;3,48;50;97;63;99;96;22;55,
228,1572,Sherry,female,78;75;74;68;82;65;64;26;47;87;1;27;14,74;82;27;75;1;64;78;68;65,
229,2374,Princess,female,50;70;52;62;79;75;46;56;57;24;68;37;6;25,,
230,2698,Vannie,female,55;94;10;77;71;93;9;42;20;46;76;2;72;30;39;8;84,46;2;42;39;72;20;77;71;9;30;76;94;8;55;93,
231,1991,Alleen,female,21;9;35;77;3;98;44;1;19;85;82;81,44;21;35;77;98;19;9;1;82;85;3,
232,1657,Jazmyne,female,15;18;89;44;54;16,15;54;18;89,
233,3952,Renae,female,62;29;80;54;2;42;26;24;1;50;63;87;95,26;42;62;2;63;1,
234,1986,Brooks,male,39;49;71;92;64;20;37;53;86;58;69;30;96;78;12;68;73;9;77;22;41;65,,
235,3935,Mattie,male,82;57;87;16;12;91;7;50;6;79;43;3;35;53;17;88;90;29;28;22;37;85;59;0;73,91;90;87;43;88;16;7;17;12;53;50,
236,3849,Tabatha,female,2;16;67;41;18;25;96;46;98;99;89;9;45;6;39;28;31;49;93;57;7,31;93;16;99;28;96;39;18;9;89;49;98;57;45;41;46,
237,4950,Junior,male,52;99,52,
238,8449,Taryn,female,28;18;33;97;75;73;8;66;82;9;17;79;5;53;48,75;73;33;18;9,
239,8586,Demian,male,50;10;60;46;71;86;31;67;13;61;68;22;29;75;82;7;33;38,33;29;71;50;13;68;10;61;7;67;22;60;86;75;82,
240,8908,Peggie,female,90;34;3;36;32;81;22;46;31;88;91;70;10;78;99;24;1;77,1,
241,3687,Benjman,male,58;56;19;72;30;61;9;41;55;20;23;93,20;41;9;55;19;61;30,
242,4350,Julianne,female,57;81;89;3;63;41;54;64;90;22,3;57;54;41;81;90;63,
243,8198,Moshe,male,5;97;4;20;87;2;47;25;6;80;77;30;45;13;94;86;1;74;43;0;26,74;43;6;0;30;2;4;25;5;80;1;87;77,
244,3390,Carmella,female,66;30;98,,
245,1955,Mariyah,female,20;90;34;48;82;46;73;66;58,73;20;82;48;66;90,
246,2415,Muriel,female,96;94;3;15,,
247,8266,Jenelle,female,11;58;86;33;56;75;17;50;59;90;16,,
248,9647,Eulalie,female,96;4;14;84;92;51;33;15;0;81;31;17;18;13;91;78;97;1;49;90;65;80,49;17;13;97;81;78;84;31;18;96;51;92;1;0;65;33;91;4;90;15;14,
249,7319,Daniella,female,73;98;16;84;4;6;18;44;35;99;91;82;46;54;92;12;14;61;1;39;20;38;23,92;18;12;99;6;20;35;4;1;39;38;61;44,
250,6986,Jillian,female,10;84;99;59;70;72;47;25;93;42;48;63;88,42;70;59;10;93;25;84;47;72;48,
251,4749,Dell,male,98;94;58;95;75;54;1;35;25;0;79;46;3;31;62;50;16;70;61;19;34;30,98;19;3;31;34;62;75;95;50;0;46;70;35,
252,3293,Arden,male,80;13;85;16;66;19;36;51;14;33;43;59;96;17;38;69;20,17;51;38;36;85;80;69;43;96;66;14,
253,3699,Lossie,female,46;18;85;29;95,46;85;18;29,
254,2663,Magen,female,63;49;28;92;7;77;20;75;4;67;34;68;60;21;71;6;31;33,68;60;20;28;92;21;49;34;71;6;77;31;75;4,
255,1154,Lum,male,94;66;91;6;45;10;64;68;5;24;87,,
256,3074,Kecia,female,56;6,,
257,9157,Kristal,female,72;16,72,
258,4883,Gerold,male,95,,
259,1990,Clay,male,63;15;79;86;38;85;43;24;58;98;12;82;67;62;48;2;30;19;33;27;72;18,30;24;27;19;43;33;72;82,
260,2110,Lenwood,male,43;56;40;72;89;85;20;69;74;94;1;92;4;97;77;60;25;65;35;48;18,97;4;43;25;56;85;65;48;1;69;77;74;40;35;94;60;92,
261,8458,Ednah,female,46;61;43;4;68,,
262,4592,Racquel,female,6;72;70;67;37;23;1;90;22;44;71;21;41;98;35;59;57;76;29;39,70;57;21;1;29;67;37;6;59;90;23;44;35;98;22;41;76;71;72,
263,9556,Kunta,male,17;14;95;90;48;98;87;25;12;4;28;26;99;69;45;91;33;74;37;8;7;83,26;99;91;17;33;74;8;12;87;28;90;25;4;45;95;14;98;7;37;48;69,
264,6551,Clifton,male,3;56;32;99;76;41;42;52;40;31;11;86;68;74;29;28;66;7;8;22;14;47;63;5,76;68;3;31;22;41;32;7;66;11;63;74;14;52;29,
265,4323,Buck,male,70;54;21;15;35;19;96;0;74,15;70;0,
266,5209,Gladis,female,21;27;38;1;55;57;59;29;5;54;4;39;17;41;77;61;94;66;70;89;35;9;32,66;21;4;39;77;35;1;9;17;57;41;27;70,
267,4694,Rayne,female,14;34;57;78;6;29;74;22;65;89;59;76;4;53;81;82;71;79;24;42;72,6;79;14;59;4;42;57;82;29;76;65,
268,5517,Jo,female,18;46;16,,
269,4580,Basil,male,51;98;13;31;79;36;84;22;85;83;77;40;30;49;86,83;84;36;85;31;49;30;77;98;51,
270,5104,Tosha,female,33;97;54;52;66;35;31;53;61;82;59;9;16;27;88,82;27;31;61;53;16;9,
271,6743,Lesia,female,53;90;56;1;47;50;54;96;82;39;46;95;94;44;48;35;30;63,44,
272,2730,Jordyn,male,80;90;20;17;58;59;32,58;80;59;17;90;20,
273,6936,Haven,male,37;91;66;71;82;95;34;96;70;58;12;4;13;0;36;23;75;98;2;6;84;87;89,2;58;4;96;71;82;98;70;84;6;23;75;34;66;13;12,
274,2039,Arsenio,male,93;65;98;74;96;13;61;64;22;27;85;36;73;89;86;16;4;46;29;45;79;83;8;62;12,61;98;93;62;46;65;86;83;85,
275,1953,Sanaa,female,49;65;42;41;60;67;74;1;37;50;23;34;12;20;33;61;24;48;71;77;15;31;4;89;56,24;65;77;33;74;71;67;41;1;34;89;20;60;42;15,
276,4635,Wilfrid,male,72;41;0;10;40;46;22;52;11;69;80;77;84;6;47;39;27;17;64,72;77;6;10;11;22;84;39,
277,8589,Harlan,male,78,,
278,2252,Fenton,male,80;91;70,80,
279,3843,Fred,male,37;1;5;85;18;23;66;61;9;92;70;65;19;34,70;37;9;5;18;23;19;66;92;85;61;65,
280,4755,Everette,male,98;30;83,98;30,
281,5413,Antonetta,female,11;45;30,11,
282,7243,Young,male,89;48;13;30;20,30;48;13,
283,2769,Anastacio,male,46;68;49;75;2;29;13;26;38;58;36;76;82;34;83;50;65;70;59;99;3,34;58;49;68;38;75;29;26;70;82,
284,7010,Tabatha,female,34;55;66;6;43;28;98;72;82;17;16;19;54;31;26;23;46;84;38,26;28;19;31;66;46;6,
285,7834,Alana,female,32;33;42;23;56;53;19;84;67,32;19;23,
286,9453,Willis,male,28;8;33;36;90;56;86;89;75;53;68;52;96,36;86,
287,9905,Lota,female,62;89;95;45;88;1;83;31;85;39;79;7;36;69;56;19;23;48;66;26;28,19;26;56;85;23;66;45;31;1;88;89;48;83;69;39;36;62;79;95;7,
288,2532,Shaneka,female,6;9;34;36;63;82;26;35;40;55;38;65;56;73;14;98;32;44;69;30;17,9;34;98;63;69;36;56;30;44;32;65;73;26;40;14,
289,4301,Lulah,female,57;95;76;18,,
290,8820,Mahala,female,45;7;10;69;61;50;85;90;43;76;1;44;8;5,50;44;85;90;1;76;69;45;7;61;10;8,
291,3825,Ruffus,male,83;4;22;65;29;62;32;70,62;22;65;29;83,
292,4902,Griselda,female,95;93;21;83;69;12;85;65;34;80;72;49;58;61;57;75;86;29;62;48;54;43;44;89,83;86;95;43;65;29;58;75,
293,8387,Laquan,male,23;15;64;93,,
294,7693,Jaimie,male,59;38;58;2;84;86,,
295,6558,Steven,male,75;64;67;20,64;67,
296,7362,Hans,male,61;86,61,
297,4722,Chimere,female,73;87;39;42,39;87,
298,6220,Melodie,female,13;98;73;85;11;0;21;2;33;67;42;79;41,,
299,9084,Moesha,female,59;4;19;81;34;24;85;0;17;48;32;51;26;6;92;78;37;28,37;92,
300,5099,Aden,male,57;26;34;41;38;71;17;21;9;61;51;27;90;42;47,61;42;27;51;41;17;34,
301,9530,Lorinda,female,47;0;29,0;47,
302,2315,Ignatz,male,38;27;98;21;60;53,60;27;38,
303,7235,Trinidad,male,84;46;90;7;87;41;27;52;77;94;15;59;36;55;71;19;62;30;50,,
304,4235,Lorene,female,45,,
305,6576,Bambi,female,33;73;32;64;29;86,73;29;32;64;33,
306,2715,Cleone,female,40;58;43;38;9;12;18;81;80;79;13,12;58;81,
307,3317,Freddie,male,67;68,,
308,2153,Shantel,female,0;66;86;41;78;32;95;20;75;8;12;44;28;83;38;56;16;93;76;89,93;76;38;44;95;75;16;8;12;0;83;32;86;20;28;56;66,
309,2853,Lisle,male,33;47;41;38;73;6;23;42;63;21;66;48,47;41,
310,8515,Welton,male,28;62;57;30;15;9;59;61;19;99;20;14;91;22;45;83;66;35;65;38;53;74;72;67,45;62;59;30;38;15;99;61;72;28;35;65;20;53;57;14;19,
311,9019,Gaynell,female,59;39;58;82;90;70;6;55;78;22;77;63;95;9;28;46;79;19,79;46;95;59;63;58;28;9,
312,5838,Nira,female,93;8;6;54;23;90;83,8,
313,7116,Denny,male,67;97;94;1;24;64;44;86;55;41;25;88;46;0;8;35;37,55;0;1;64;94,
314,1249,Authur,male,9;0;59;41;85;60;37;76;96;29;64;68;20;98;45;5;26;28;15;95;62;54,20;9,
315,1806,Norene,female,80,,
316,8626,Horace,male,54;88;37;62;1;2;56;63;10,56;54;88;63;2;1,
317,7799,Ingram,male,5;37;73;68;6;22;99;92;18;30;13;63;43;26;23;11;85;98;52;90;36;35;49,5;73;36;63;99,
318,5328,Linda,male,51;7;37;73;19;65;55;46;98;64;40;67;28;97,64;51;40;28;55;19;7;46;65;37;73;98;67,
319,4853,Virgle,male,57;70;63;59;82;14;62;64;8;75;19;65;10;56;83,63;8;10;62;70;19;57;64;75,
320,3875,Latrell,male,51;5;77;61;29;85;44;6;79;71;21;11;15;96;73;2;75,71;5,
321,2906,Wanda,female,98;42;97;94,42;97,
322,5999,Marianne,female,22;13;97;43;85;65,22;43;97;85,
323,5755,Retha,female,46;16;35;0;73;76;91;50;78;59;89,50;46;0;91;35;78,
324,5027,Cali,female,1;11;85;45;55;64;90;51;46;70;57;4;99,70,
325,8816,Flavia,female,96;62;91;93;29;47,96,
326,7587,Anjali,female,98;19;32;11;90;16;12;80;57;86;3;54;63;97;41;40;49;55;85;45;51;89,40;49;3;98;57;11;63;55;51;16;41;86;12;54;32;90;85;45;19;80,
327,8926,Edra,female,17;22,17,
328,2958,Damarcus,male,88;54;61;99;16;10;25;72;70;55;68;42;28;98;31,99;10;61;54;28;98;25;42;55;72,
329,5186,Wilburn,male,46;61;35;77,61;46;35,
330,9985,Carmelita,female,43;5;91;25;23;6;65;30;80;24;76;81,76,
331,3007,Shaniqua,female,94;40;0;93;23;67;62;15;46;64;47;56;66,94;0;40,
332,5882,Adela,female,20;34,,
333,8393,Monte,male,37;23,,
334,3678,Lillie,male,8;66;32;1,66,
335,3201,Mathilde,female,62;90;98;83;55,83;62;98,
336,9621,Maxim,male,7;65;94;53;47;16;90;42;75;52;48;24;15;27;36;32;73;60;55;83;11;44;69;37,42;65;73;36;16;69;32;94;15;60;52;24;75;55;27;53,
337,7991,Lori,female,66,,
338,6691,Casey,male,73;41;38;47,73;41;38,
339,1410,Joy,male,46,,
340,8206,Dyllan,male,61;42;17;86;97;80;33;14;51;62;36;34;28;72;92;27;74;31;82;65;94;50;11,61;17;72;42;51;33;65;92;36;74;94;14;31;34;50;86;82;28;27;62,
341,2503,Cornell,male,83;14;92;85;71,83;14;85;92,
342,9768,Pansy,female,30;24;26;21;91;18;93;22;4;44;36;74;88;56;29;58;72;78,74;22;88;26;29;93;36;21;58;24;4;18,
343,4811,Carina,female,19;60;90;93;35;5;87;49;76;50;99;81;48;6;64;71;16;63;59,,
344,9635,Eli,male,82;31,,
345,1535,Louisa,female,79;52;64;69;70;94;49;37;55;29;31;51;71,51;94;52,
346,8344,Chloe,female,99;25;23;62;71;0;48;2;21;40;52;49;69;34;76;95;57;19,71;0;48;99;23,
347,4939,Lexi,female,80;47;59;64;76;54;82;33;71;5;63;6;17;0;21;89;24;39;95;46;35;12;81,33;17;35;59;46;82;6;54;95;21;76;39;47;5;0,
348,9821,Naomi,female,6;73;74;8;99;90,74;73;6;8,
349,1232,Mettie,female,35;86;47;11;71;4,,
350,5042,Vlasta,female,78;39;65;21;28;90;9;62;38;43,21;38;90;39;28;78;9;65;62,
351,1942,Ashlea,female,33;53;22;87;61;92;37;54;9;68;40;60;85;4;26;35;27;42;30;96;32;11;2;3;69,35;96;85;68;61;26;27;92;9;11;42;40;3;87;30,
352,8143,Danyell,female,91;78;21;31;93;35;94;48;19;25,31;94;48;91;19;78;35;21;93,
353,1790,Curtiss,male,74;90;70;32;89;44;94;2;33;55;96;88;76;58,89;76;88;96;32;55,
354,3825,Leota,female,89;26;97;50;33;82;72;81;92;45;78;41;93;86;73;29;5;79;85;44;34;51;98;35,33;26;92;73;98;79;44;45;72;93;29;85,
355,4881,Olga,female,90;95;57;80;84;34;63;31;15;87;22;71;14;4;30;29;36;65;17;83;13;97;9;21,71;30;90;65;31;95;83;13;36,
356,5011,Edw,male,79;73;72;35;6,,
357,1082,Ingrid,female,83;19;14;52;62;2;85;80;9;65;69;6;48;44;27;54;13;4;57;32;55;17;94,17;44;83;19;2,
358,2465,Felix,male,88,,
359,9361,Roll,male,62;36;60;54;98;37;59;2;89;50;82;21;95;32,89;54;50;95;37;36;98,
360,3107,Tammy,male,58;77;66;37;17;84;3;22;18;19;98;1;20;74,18;19,
361,2227,Venessa,female,5;34;28;61;30;21;25;96;79;74;33;50;67;15;86;68;73,28;50;25;79;96;15;67;5;68;34;33;86;21;30;74,
362,1940,Raquan,male,44;50;0;8;33,44;8;50,
363,6846,Dellie,female,57;11;81;69;72;43;44;18;76;27;88;86;61;26;42,76;26;81,
364,9276,Kellie,female,1;36;78;71;25;60;99;11;53;46;40;6;34;67;35;18;83;17;97;57;38;80;2;89,53;46;97;78;83;35;25;99,
365,3927,Lashonda,female,89;38;26;48;56;68;66;76;31;88;55;3;72;13;25;91;14;96,,
366,3952,Roy,male,12;20;22;11;43;40;44;25;1;98;80;32;39;75;68,1;11;20,
367,4147,Matteo,male,33;36;77;37;87;82,36;87;33;37;77,
368,4029,Claudia,female,18;33;71;62;52,,
369,5345,Palma,female,94;24;11;45;85;49;58;36;63;71;41;61;72;81;30;34;66;59;80;70;22;7;77;1,72;94;45;80;7;22;81;34;85;41;58;49,
370,3160,Audry,female,30;25;80;5;14;65;0;48;63;95;31;27;91;47;7;18;89;55,47;31;91;25;95;0;80;5;14;48;30;27;63;7;65,
371,7724,Neha,female,50;24;28;7;31;72;32;62;56;89;76;18;26;90;36;21,7;28;76;62;36;72;56;26;31;50;18,
372,8066,Pinkie,female,52;20;58;64;81;0;73;57,20,
373,4785,Miracle,female,11;61;85;80;12;94;98;16;87;79;44;3;31;22;17;47;33;93;30;25;74,12;94;61;31;85,
374,3047,Edwin,male,34;14;66;63;97;40;47;46;56;48;80;3;31;1;89;15,56;48;34;89;1;3;14;31;97,
375,1573,Amara,female,54;27;97;73;32;76;29;10;40;74;53;57;90;49,27;40;53;29;97;74,
376,1253,Dulcie,female,50;44;97;66;40,44;97;66;50,
377,2797,Katarina,female,30;92;75;77;15;40;57;62;82;24;21;98;46;9;13;19;94;59;71;44,77;40;82;62;59;71;98,
378,2341,Sanders,male,94;16;41;91;28;1;96;32;31;85;27,1;16;85;31;32;41;28,
379,4706,Jannette,female,20;43;51;14;35;9;99;34;28;92;83;56;29;27;57;23,27;43;14;99;28;56;9;34;57,
380,3846,Nels,male,32;50;30;10;69;61;6;38;96;21;29;35;63;54;62,29;30,
381,4645,Christop,male,6;33;55;85;2;76;47;50;91;18,6,
382,8534,Ned,male,78;47;43;7;15;95;51;9,47;15;43,
383,4097,Ota,female,27;91;85;10;20;61,85;20;27,
384,9322,Clora,female,15;24;65;50;91;56;1;73;36;77;23;82;31;22;41;14;25;5;28;60;43;8,50;65;77;14;43;31;28,
385,5749,Amin,male,41;76;78;70;58;75;79;8,76;79;41;58;70,
386,5524,Manuelita,female,1;58,1,
387,8524,Corinna,female,21;27;17;77;41;82;74;2;83;86;94;7;48,86;83;17;27;82;7;74;94;77,
388,4660,Keion,male,6;12;46;99;27;4;97;55;86;11;62;75;40;37;66;74;68;61,11;66;4;68;6,
389,5848,Doretta,female,92;31;45;23;82;60;69;64;50;21;43;95,60;82;21;69;43;50,
390,7718,Wardell,male,38;59;81;86;40;69;94;67;48,67;86;81,
391,2825,Terance,male,5;63;94;43;21;66;47;59;88;76;6;97;61;91;15;19;86;41;45;74,,
392,4959,Gerrit,male,83;12;62;76;29;13;70;79;99;60;93;75;36;77;55;24;96;27;67;44;57;59;37;92,67;12;27;37;57;44,
393,5653,Benjiman,male,35;52;74;22;15;31;14;11;62;37;88;78;55;23;26;20;16;13;61;71;51;96,71;88;51;11;22,
394,5139,Sal,male,76;66;29;48;37;81;19;82;88;90;86;40;97;10;57;89;7;92;38;77,88;10;48;81;57;82;29;86;90;7;19;66;40;37;38;89;97,
395,2611,Micheal,male,91;96,91,
396,1105,Donna,male,29;95;84;30;87;12;48;13;85;52;33;40;54;37;11;51;92;81;57;41;7;45;42;69,7;11;30;41;92;52;13;54;45;81;57;51;37;12;42;33;87;48,
397,7202,Ali,male,75;43;55;52;80;2;74;95;79;76;19;91;0;42;36;61;45;59;17,95;75;36;76;0;43,
398,5444,Killian,male,15;25;37;82;54;55;31;33;74;6;88;28;1;22;75;83;11;95,33;11;83,
399,3119,Rahul,male,36;30;25;12;29;55;70;38;80;47;83;22;69;0;93;39;54;4;63;31;17,54;70;12;31;47;29;36;22;80;93;69;38,
400,1868,Zechariah,male,59;36;19;70;82;96;39;1;43;79;83;89,39;96;43;79;70;1;83;19;82;59,
401,5166,Terry,male,21;25;52;77;93;23,21;52,
402,9277,Claribel,female,59;30;48;32;31;87;38;24;56;4;51;94;53;0;86;41;6,32;87;53;24;0;48;86;41;38;31;59;56;30;94,
403,4056,Lesa,female,43;26;8;75;98;61;36;64;53;52;76;47;7;66;5;38;35;91;19;39;88;11;33;10,38;26,
404,5832,Estrella,female,77;81;79;8;24,81;77;8;79,
405,1423,Nell,female,87;51;18;49;35;88;59;40;44;42;33;38;61;55;79;1;89;82;90;70;45;81;56,61,
406,4561,Alfreda,female,43;85;14;53;20;52;75;37;79;89;21;42;2;86;27;65;73,53;14;43;85;42;52;37;86,
407,9684,Keenan,male,74;28;58;55;39;18;49;97;56;63;11,49;55;39,
408,2554,Bryant,male,1;36;24;7;41;50;30,,
409,8302,Almond,male,14;9;15;35;71;61;58;77;89;23;13;16,58;35;23;15;9;71;89,
410,5736,Toshiko,female,69;60;40;91;53;55;95;85;46;6;48;22;97,46;48;53;22;95;60,
411,1615,Judie,female,56,,
412,8315,Sincere,male,18;55,,
413,2878,Tripp,male,53;32;5;2;39;82;13;90;30;17;0;72;58;83;93,90;32;53;5;83;82;72;39,
414,7488,Rich,male,50;22;78,22,
415,4649,Deshaun,male,87;38;68;67;39;4;88;43;90;45;14;71;12;51;19;16;85;96;10;77;17,10;71;43;68;19;87;96;39;16,
416,4950,Cullen,male,89;21;80;33;65;71,89,
417,4520,Demarcus,male,0;11;32;24;27;71;99;54;5;50;8;85;69;40;38;97;84;91;34,71;24;85;91;32;5;8;38,
418,6326,Alexandre,male,67;86;39;80;12;69;85;73;17;28;74;21;8;49;82;11,73;39;8;80;12;85;21;49,
419,5765,Jamin,male,90;67;24;63;50;35;1;36;41;76;48;33;64;11;92;44,11;41;90;67;76;63,
420,2477,Greg,male,79;74;96;21;99;49;87;26;8,49;26;79,
421,6959,Ashly,female,4,,
422,7671,Dawn,female,95;1;22;61;80;83;65;51;48;98;92;69;84;64;20,64;65;98;22;48;61;80,
423,1901,Litzy,female,43;12;5;96;3;50,12,
424,4161,Aydin,male,89;72;67;92;16;63;54;50;8;39;29;2;91,16;54;2;89;39;8;92;29;67;63;50,
425,3768,Hassan,male,15;53;72;41;38;31;85;80;13;76;8;83;48;18;90;81;86,90;72;48;85;31;15;41;53;38,
426,1818,Kellie,female,61;72;94;59;96;10;68;8;51;91;79,51;72;59,
427,3771,Deanna,female,33;53,33,
428,8165,Carli,female,35;89;4;66;17;37;82;99;2;55;34;78;12;76;75;6;19;58;40;52;95;46;22;54;51,46;66;19;17;76;35;37;58;4;12;22;52;89;54;40;34;75;6;82;99;95;2,
429,2151,Rhona,female,88;77;37;90;26;58;75;72;53;51;28;35,37;90;72;28;77,
430,5974,Thornton,male,23;21;3;97;92;98;9;77;30;4;62;31;53;42;60;72;29;16;70;39;76;27,60;3;9;4;31;42;39;16;77;70;72;98;30;76;23,
431,2527,Hermon,male,19;36;28;20;51;0;64,20;36;0;28;51,
432,2109,Sherry,female,85;43;93;4;76;3;38;75;87;32;68;66;49;40;11;35;15;51,32;49;76;43;40,
433,6930,Rosamond,female,31;6;73;16;58;98;5;2;26;34;94;75;8;33;32;18;95,58;34;6;75;31;94;2;18;98;16;33;73;32;26;5,
434,1846,Jobe,male,67;9;82;34;74;36;96;1;6;16;33;61,6;9;96;82;1;36;33;34;16;74,
435,6832,Rakeem,male,85;48;8;17;29;54;27;6;78;5;45;0;2;7;24;99;40;4;46;63;73;13,29,
436,2495,Cristin,female,6;67;15;53;5;89;92;58;0;25;60,5;6;89;92;58;0,
437,3294,Gerry,male,99;83,99,
438,7416,Margo,female,79;53;28;93;42;6;2;52;34;94;26;27,26;34;42;53;28;2;79;94,
439,9220,Ethie,female,28;56;31;87;96;59;34;83,,
440,2901,Ulises,male,31;6;10;18;16;98,6;31;16,
441,5060,Fredericka,female,44;86;4;11,86;4;44,
442,4377,Derrell,male,81;16;50,16;81,
443,3212,Jenilee,female,79;64;18;15;39;67;22;12;38;21;31;83;77;93;27;14,31;79;93,
444,1134,Kelsey,male,12;17;92;60;46;58;91;53;23;31;49;47;5,31;23;92;91;53,
445,5712,Francine,female,15;17;84;44;16;65;31;68;26;91;42;81;56;38;36;47,44;81;15;91;16;31,
446,7753,Gibson,male,75;45;62;95;42;19;37;84;72;96;65;90;49;93;32;5;68;44,,
447,5008,Amie,female,78;87;80;27;57;45;64;11;26;84;58;82;28;35;85;97;95;20;66;69;43;3,35;82;84;11,
448,7177,Magnolia,female,73;88;49;65;29;82;97;15;98;14;90;47;76;58;95;22;74;17;28;36,73;22;95;14;65;17;49;28,
449,2486,George,male,10;91;8;30;41;20;77;56;15;45;3;98;70;54;88;83,88;10;56;98;91,
450,5122,Buelah,female,28;79;51;55;44;89;62;72;59;77,28;72;62;89;55;79;51,
451,5557,Jakayla,female,96;76;74;88;35;33;97;60;29;79;70;22;72;3;99;67,88;72;3;79;99;70;60;76,
452,7268,Annabella,female,85;33;98,,
453,7686,Albina,female,25;54;97;58;51;23;8;81;56,58;51;25;23;97;8;54,
454,2021,Chiquita,female,65;7;16;25;86;6;12;54;22;34,12;22;6;86,
455,5529,Sylvania,female,22;66;69;50;44;99;16;25;38;97;76;23;6;90;20;31;54;62;24;58;46,66;22;31,
456,9650,Omari,male,80;38;85;39;50;41,85;39;50;38,
457,1062,Yasmine,female,69;16;25;30;15;0;27;36,,
458,1437,Karter,male,29;0;41;15;84;97;1;21;4;66,97;21;15,
459,3552,Salome,female,62;72;50;74;33;28;71;63;36;16;99;92;81;1;84;83;88;47;67;5;82;60;39;40,99;74;82;1;39;84;83;5;60;72;63;16;67;28;88;62,
460,6590,Yee,male,34;29;48;32;18;31;76,29;31;48,
461,9176,Lella,female,86;53;96;94,96,
462,3492,Ali,male,29;28;55;59;30;73;94;65;95;62;32;91;27;97;39;5;23;17;96;41;79;49;6,73;23;29;95;62;17;28;79;97;41;65;55;59;49;39;91;96;94;5;27;32;30,
463,8307,Ali,male,70;15;29;27;80;82;78;49,27;29,
464,9271,Clayton,male,26;92;52;24;60;86;73;78;44;96;41;22;28;69;14;4,22;60;86;96;73;14;28;44;92;69,
465,2487,Brennan,male,75;23;52;66;67;0;90;82;46;57;40;24;48;95;55;7,66;48;82;52;46;40;23;57;67;55;95;90,
466,5133,Micah,male,36;77;29;40;86;65;31;70;2;83;37;66;56;91;80;72;13;24,36;65;83;77;56;91;86;80;29;72;31;2;13,
467,2308,Lottie,female,23;64;93;49;78;79;63;5;24;75;17;68;87,78;68;24;79;49;75;64,
468,5489,Richie,male,44;37;31;40;70;54;30;83;78;82,54;78;70;31;37;30;44;40;83,
469,5271,Algernon,male,54;9;22;68;71;52;70;99;95;76;21;77;7,54;95;70;21;9;68;71;52;76;99;22,
470,6244,Germaine,male,71;11,71,
471,1445,Edmond,male,65;55;90;89;13;16;11;44;87;10;20;43,44;13;55;20;89,
472,7904,Destiney,female,97;21;85;84;51;9;91;49;27;45;34;6;44;81,,
473,7539,Chimere,female,84;29;89;31;75;81;67;73;59;11;7;70;8;77;80,75;67;29;70;11;73;59;7;84;77;31;81,
474,7280,Brenna,female,76;62;14;3;65,62,
475,1340,Marci,female,13;75;57;60;69;12;37;84;71;79;14;78;4;40;45;70;51;50;1,50;75;12;84;60;40,
476,2450,Griffin,male,60;62;3;81;35;57;96;61;59;83;86;70;47;98;88;1;21;66;2;64;68;23;4;38;33,64;59;81;62;4;38;3;68;21;88;1;66;2;35;83;86;61,
477,9272,Corrine,female,33;16;48;2;86;83;26;99;20;84;55;36;97,84;99;2;26;86,
478,4765,Amir,male,13;30;69;75;51;44;33;63;9;38;1;29;64;58;55;70;3;23;4;45;12;85;72;15,51;38;85;45;72;70;13;30;69;4;12;23;29;9;44;63;3;55;64;1;75,
479,4415,Sudie,female,88;11;37;57;18;71;38;92;98;99,11,
480,4077,Neola,female,50;45;41;54;76;74;25;36;89;5;73;22;58;35;57;24;14;87,41;25;35;36;74;57;50;58,
481,7346,Tatiana,female,33;29;65;56;66;8;14;49;78;62;37;18;59;99,66;8;78;56,
482,5211,Autry,male,46;57;82;24;30;38;33;74;79;36;70;39,46;30;57;74;38;36;33;24;79;82,
483,6516,Lida,female,9;8;6;14;46;84;74;50;56;21;55;49;20;24;86;81;7;37;27;60;51;85;70,55;24;50;7;46;20;14;81;49;37;9;85;27;6;51;74;60;21;86;84;56,
484,7579,Cephus,male,89;65;84;69,84,
485,2243,Keandre,male,65;54;50;15;79;85;73;52;71;2;4;9;87;30;39;70;49;26;61;72;98;27;64,9;71;85,
486,2448,Anton,male,90;69;3;27;78;52;39;93;75;67;62;74;23;66;64;86;61;60;55;89;35;43;56;98;85,56;86;67;43;61,
487,6702,Tawnya,female,83;41;3;96;10;65;24;17;8;29;70,17;41;24,
488,3469,Randolf,male,96;55;52;69;30;97;15;48;36;34,48,
489,3700,Alwin,male,59;96;86;2;41;34;97,,
490,4980,Ardella,female,90;10;87;31;32;78;48;96;61;0;59;5;16;28;92;23;55,,
491,5518,Bertina,female,12;57;40;74;88;8;5;43;66;98;87;15;62;30;45;1;27;92;94;49,87;98;12;27;30;74;43;88,
492,5183,Antoine,male,64,,
493,8801,Audra,female,44;40;31;43;28;7;16;69;63;53;35;27;36;80;82;57;58;18;88;71;97,58;71;7;53;88;31;18;28;80;69;63,
494,4241,Farah,female,76;87;67;58;13;81;88;89;40;36;64;42,64;36;67;81;89;76;88;13;58;87;40,
495,6688,Keshaun,male,88;11;30;48;64;45;29;63;98;16;90;6;95;8;23;76,95;64,
496,4051,Nolen,male,38;75;95;94;34;26;20;18;74;47,94;26;18;95,
497,7256,Jamir,male,34;84;2;49;72;83;46;57;33;88;87,84,
498,1559,Thekla,female,91;64;71;83;78;81;68;34;5;47;25;4;80;8;86;48,80;68;4;78;83;64;8;81;25;34,
499,8312,Rosann,female,18;56;71;97;67;45;25;1;27;57;73;23;80,25;56;27;18;71;1;97;73;23;57;45,
500,9151,Cheryl,male,98;53;38,53;98,
501,9363,Alcee,male,99;34;40;32;12;67;3;27;1;9;29;23;93;83,9;29;12,
502,9569,Andy,male,48;36;46;38;56;94;73;99;69;54;42;17;47;22;27;28;37;26;58;13,99;42;58;17;69;36;56;46;26;27;28;94,
503,1065,Idamae,female,23;47;95;25;30;36;20;99;57;55;83;87;88;73;0;65;2;72;29;28;35;18;66;84;91,,
504,7412,Milagros,female,80;55;35;46;6;28;18;83;77;42;89;7;78;67;47,55;77;83;7;89;18;46;35;6;78;67;28,
505,3336,Wess,male,25;44;50;43,44;25;50,
506,3601,Godfrey,male,8;3;40;35;60;76;9;64;80;72;1;66;50,72;80;3;8;60;1;66,
507,3498,Crete,female,58;45;5;9;59;97;50;99;14;75;85;21;30,85;50;9;97;58;59;5;75;21;14;45,
508,4040,Luka,male,45;88;64;95;63;77;43;70;4;35;32;79;2,,
509,6746,Fannie,male,7;85,,
510,8446,Kylie,female,35;45;80;19,80;35,
511,3487,Kareen,male,31;87;55;84;40;38;72;96;69;93;18;9;44,,
512,9723,Marcus,male,71;7;23;52;2;74;6;70;11;1;57;24;83;87;20;60;78;16;64;65,20;24;1;60;11;64,
513,6443,Mae,male,77;10;92;98;44;93;46;14;71;88;36;86;69;50;87;37;56;8;59;48;20;9,44;71;14,
514,5284,Nathalie,female,69;54;86;38;3;46;87;73;30;37;97;33;35;67;36;53;66;13,87;37;30;46;97;35;33;53;38;66;67;69,
515,8803,Lindsay,male,93;52;87;13;57;95;27;98;25;74;51;97;61;49;78;26;37;66;64,,
516,7574,Don,male,53;64;47;19;43;87;13;26;20,47;43;26;64;87,
517,9496,Candido,male,67;31;13;84;79;12;20;62;98,12;13;20;84;31,
518,5465,Kyree,male,43;52;21;14;39;25;15;42;9;65,25;21,
519,7764,Gwen,female,65;92;84;55;75;76;34;44;5;78;81;98;19;46,,
520,6202,Redmond,male,25;54;89;94;2;23;35;10;96;48,,
521,3300,Pinkie,female,4;58;49;41;53;61;31;34;88;13;15;17;52;65;56;87;19;32,88;19;31;4;87;61;41;15;52,
522,1086,Augustin,male,13;1;60;86;63;9;21;39;45,21;60,
523,2960,Meggan,female,28;8;20;13;30;57;17;24;66;31;88;68;80;19;0;53;73;60;48;49;93;51,0;73;88;60;17;48;68;31;93;53;80,
524,5980,Texas,female,61;16;40;13;93;26;45;34;62;37;17;36;47,,
525,2738,Ivan,male,64;83;53;4;73;5;93;25;54;76;29;24;45;85,64;45;24;73;93;25;83;54;4;5;29;53,
526,1842,Kurt,male,11;81;98;82,81;98;11,
527,2589,Contina,female,60;14;97;98;34;5;12;99;72;13;64;18;81;69;47;96;2;37;92;66;54,5;64;37;12;34;66;97;2;69;81;99;18;92;96;14;72;60;13;47;98,
528,4818,Zola,female,67;77;23;57;27;18,67;57,
529,2025,Dee,male,17;58;97;21;16;80;36;3;2;96,3;17;80;97;21;2;16;36,
530,8064,Raul,male,18;65;53;76;62;85;54;99;36;94;25;40;86;34;0;55;96;31;77;93;80;82;74,25;99;86;96;77;80;34;54;93;85;62;0,
531,7309,Carson,male,82;30;20;11;22;29;75;73;94;13;47;7;68;3;6;41;19;98;48;90;44;97;28;79;1,79;48;3;19;94;29;30;73;68;11;98;6;13;44;22;75;20,
532,7681,Macie,female,88;19;83;76;4;53;40;3;48;73;9;68;34;56;37;15;65;28;52;42;91;94;38;41,4;37;65;19;52;9;48;88;34;73;94,
533,3236,Candace,female,13;52;32;87;53;97;50;58;4;27,4;58;52;50;97;13,
534,3897,Lana,female,78;13;19;73;5;48;40;75;88;55;31;93;67;36;89;87;92;27;68;12;47,55;78;31;27;93;67;36;92;75;68;89;40;13;48;73;5;12;87;19,
535,7108,Simona,female,10;38;24;6;92;61;97;79;90;60;26;86;65;31;16;44;56;5;46;28;22,10;28;65;31;92;38;86;5;79;16;60;6;26;97;61;44;24;90,
536,8058,Hilary,male,17;48;83;63;41;38;1;97;28;21;81;76;47;85;68;72;7;61;54;92;55;26;50,47;21,
537,4485,Gifford,male,89;50;58;83;1;76;94;39;27;60,94;27;39,
538,6841,Cody,male,13;9;61;41,13;61,
539,6791,Nathalia,female,83;96;46;86;11;52;98;42;29;75;28;19;70;26;21;38;92;81;77;23;87;69,11;70;98;92;83;87;26;23;19;75;77;52;96;38;46;28,
540,9393,Henretta,female,62;57;22;4;27;44;93;66;12;15,44;22;12;66;4;62,
541,4386,Octave,male,73;25;68;39;27;62;46;54;84;1;95;49;89;79;60,95;46,
542,9783,Angella,female,22;79;63;12;46;35;23;53;99;44;25,99;35;12;22;46;63;53;79;23;44,
543,3010,Aliyah,female,29;58,,
544,7886,Ian,male,92;41;95;73;7;58,95;92;41,
545,3347,Missouri,female,56;0;38;41;48;72;37;71;95;18;49;91;79;77;63;29;89;78;9;21;10;75,9;78;48,
546,6404,Lelar,female,71;28;94;75;87;0;48;99;52;11;88;62;31;86;44;63;20;89;36,63;71;31;11;94;0;99;88;28;87;75;44,
547,6057,Omar,male,84;93;90;10;29;96;69;81;66;44;83,84;66;29;93;44;81;96,
548,4110,Signa,female,65;49;48;8;18;26;74;63;76;77;30;79;6;44,79;30;8;76,
549,7527,Vela,female,86,,
550,1304,Tamekia,female,64,,
551,1808,Vashon,male,51;3;83;19;28;73;52;24;1;55;29;97;80;91;92;30;41;36;2;90;72,24;41;3;1;29;55;30;19;80;97;36;83;2;51;90;52;28;91;73,
552,2670,Yolonda,female,96;12;85;76;42;83;21;52;50;37;14;11,85;50;76;83;96;37;52;42,
553,8326,Cody,male,10;7;52;84;70;44;6;55;69;4,69,
554,5160,Deana,female,68;34;75;99;14;79;86;37;71;6;67,,
555,3859,Salma,female,91;90;72;79;52;48;74;6,72;79;52;91;74,
556,3558,Netta,female,40;8;21;43;82;71;53;18;14;57;73;65,18;14;57;53;73;82;21;8,
557,1946,Annette,female,89;17;49;26;14;78;39;42;20;30;13;53;52;8,49;14;26;89;30;53;42;39;20;52;78;17;13,
558,6989,Elinor,female,77;13;24,,
559,5998,Odus,male,49;22;44;34;15;35;86;48;67;40;1;68;6;39;60;88;91;55;31;66;72;50;28;30,44;91;67;66;28;49;1;48;68;34;86;35;88;39;60;72;55;31;40;22;50;6,
560,5960,Armond,male,69;96;14;70;49;39;71;11;40;56;7;57;94;75;81;29;87,57;71;7;29,
561,4161,Marolyn,female,36,,
562,3209,Nannie,female,81;87;34;49;62;52;16;5;4;36;23;73;59;57;90;60;72;70;56,87;60;90;23;59,
563,2212,Carli,female,97;50;4;92;68;20;76;67;27;34;9;79;37;14;81;96;64;93;33,14;79;20;96,
564,1154,Ramona,female,91;14;12;67;10;37;99;89;61;68;34;17;23;48;70;84;92;96;64;16,61;48,
565,2339,Lilia,female,82;32;35;2;60;20;50;40;67;18;93;57;31;0;97;48;3;10;4;91;34;74,48;18;67;3;60;0;34;32;31;50,
566,3668,Kira,female,86;71;78;37;52;66;99;68;12;34;7;59;18;80;26;94;87;90;32;50;96;13;55,50;7;26;78;86;13;90;34;37;99,
567,8590,Maiya,female,62;67;60;45;35;77;98;31;59;63;37;72;2;64;71;95,64;45;2;72;71;31;62;98,
568,6370,Elsworth,male,91;87;85;71;34;72;59;9;55;13;86;67,13;86;87,
569,8113,Fannie,male,17;4;33;5;84;69;19;27;51;63;53;74;13;1;85;72;76,74;69;19;5;17;51;27;63;84;4;53;1;85,
570,8891,Kristofer,male,60;9;33;3,60;33,
571,7091,Jed,male,57;33;97;73;2;55;51;56;26;9;67;14;48;15;29;82;23;45;68;27;89;28;13;94,13;33;56;48;73;82;9;28;15;29;67;27;26;89;2;68;51;14;55;45;57;23,
572,4572,Sharyl,female,9;6;23;50,23;9;6,
573,4132,Tilden,male,9;11;61;87;64;10;78;14;36;48;73;21;91,87;11;10;48,
574,1190,Karan,female,22;75;45;18;12;23;33;47;42;74;50;79;0;62;93;66,47;22;0;12,
575,8759,Jovanni,male,75;97;54;27;10,75;27;54,
576,4876,Levy,male,75;96;13;9;38;0;52;92;59;83;42;46;84,83,
577,1004,Danica,female,67;58;31;71;66;77;45;27;98;17;7;33;65;56;88;62;84,67;66;7;27;31;98;45;62;17;71;56,
578,1013,Sharron,female,20;3;74;76;75;61;34;33;0;38;53;69;35;6;58,61;3;69;76;6;74;75;38;35;53;34;33;20,
579,8901,Perley,male,91;7;46;84;41;32;29;98;34;20;14;31,46;91;32;41;84;98;7;20;29;14;34,
580,3386,Nikia,female,58;63;43;8;51;92;20;89;2;30;86,58;2;63;89,
581,8213,Huey,male,84;53;39;74;86;29;46;9;40;57;58;41;69;30;76;66;38;89;85;28;44;93;13,57;89;39;76;29;84;40;85;66;86;46;41,
582,3087,Delina,female,95;36;19;7;78;50;68;87;60;81;4;88;96,4;68;19,
583,5413,Pleasant,male,78;24;33;50;32;73;62;7;95;52;61;77;99;64;97,77;61;52;78;24;73;99;33;32;64;95;7;62;50,
584,7423,Alfred,male,99;53;12;75;47;82;22;80;77;18;44;17;78;15;86;63;88;26,63;17;18;99;78;15;53;88;75;77;82;12;22;44,
585,1772,Claire,male,72;80;76;70;17;45;52,80;17;72;76;45;70,
586,6047,Chanel,female,29;52;5;28;71;0;14;99;13;82;72;32;60;55;56;57;25;80;43,0;13;29;80;52;55,
587,8289,Loretto,female,40,,
588,2609,Johnathan,male,18;98;9;90;69;11;25;68;23;4;78;5;32;53;33;86;46;45;54;28;12;44,18;90;5;32;53;33;54;23;12;11;46;98;4;69;68,
589,2543,Humphrey,male,55;1;91;54;99;95;59;35;12;10;78;75;3;8;7;27;48;85;47;94;24;68;16,1;85;10;47;91;3;99;8;24;55;95,
590,2337,Martez,male,17;61;43;15;92;96;19;24;80;55;77;91;8;0;1,55;19;92,
591,1853,Fisher,male,59;19;83;38;32;81;69;31;26;88;53;48;34;10;82;52;27;5,38;88;53;69,
592,8979,Elda,female,12;85;33;41;22;36;78;8;13;24;17;31;76;83;15;65;49,31;24;83,
593,4121,Leona,male,64;42;91;1;12;77,,
594,2876,Anson,male,57;6;7;43;42;61;59;90;36;49;80;22;12;37;84;41;63;89;24;38;58;46;97,63;84;80;7;22,
595,4309,Jed,male,7;8;86;97;82;65;78;34;76;94;46;32;72;5;9,5;82;72;46;97;86;65;7;8;94,
596,9231,Julious,male,26;33;19;80;68;98;15;37;5;6;89;54;27;50;42;14;71;41,37;5;14;71;27;33;80;50;15;89;98;26;6;19;42;68,
597,2603,Shani,female,96;50,,
598,5059,Greyson,male,57,,
599,4755,Gustie,female,40;55;78;41;17;90;27;47;13;61;84;58;20;18;0;26;19;6;8;7;48,13;17,
600,7709,Darl,male,92;69;96;48,92;69;96,
601,7757,Haleigh,female,52;69;25;73;26;67;99;36;71;44;95;31;47;58;3;86;43;10;57;77;33,99;73;36;77;26;25;52,
602,9920,Allison,male,99;83;38;5;52;9;19;22;60;66;35;74;3;56;89;77;39;11;33;96;93;6;67,93;77;99,
603,9489,Jody,male,13;36;33;22;25;95;84;72;60;26;44;19;71;53;91;76;78;86;6;81;32;94;2;27;37,32;2;78;22;94;53;25;27;81,
604,6341,Dillion,male,13;91;76,13;91,
605,2814,Madge,female,42;78;69;31;28;44;90;61;55;60;52;34;19;10;36;91;37;64;30,64;42;36;78;52;69;60;34;55;61,
606,2409,Yaritza,female,96;30;16;20;54;28;48;34;66;88;99;33;75;12;11;26;97;36;38;63;72,96;33;63;12;88;34;26;28;36;30;38;20;97;16,
607,4149,Krystin,female,98;13,98,
608,2037,Gregg,male,44;27;60;74;88;69;43;98;76;7;65;56;52;16;54;31;97,7;98;65;74;44;52;88;31;60;43;69;76;54;56;16,
609,1318,Brennan,male,72;79;1;68;37;35;87;85;2;41;70;51,85;1;41;2;37,
610,6735,Marlee,female,11;51;71;78;24;81;15;20;3;96;29,71;24;15;51;78,
611,1150,Delphin,male,94;0;57;4;50;97;30;56;99;33;98,,
612,8655,Shaquita,female,25;44;87;86;45;93;77,86;87;45,
613,8320,Terrell,male,48;13;51;94;57;65;53;40;25;34;61;74;24;54,48;25;94;24;13;51;34;61;65;53;74;57,
614,2916,Kaci,female,33;52;90;89;12,33;90;52,
615,3333,Mckinley,male,43;8;89;72;39;78;11;17;86;55;83,43;17;39;55;86,
616,6760,Ernie,male,98;6;68;34;48;74;12;50;17;55;99;77;4;93;7;45;16;63;90,4;6;99;12;55;45;34;50;7;48;17;93;63;98,
617,7356,Lorne,male,0;52;60;49,0;60;52,
618,3171,Pasquale,male,27;19;20,19;27,
619,2532,Camila,female,35;13;4;40;25;84;7;70;28;67;44;18;53,84;44;7;40;25;67;70;4;28;35,
620,6340,Willia,female,85;43;45,43,
621,4923,Virgie,male,95;46;42;38;9,,
622,7441,Andra,male,20;73;51;99;85;35;33;13;18;28;81;50;10;83;92;88;53;72;56;87;55;80;70;21;27,13,
623,5717,Carter,male,62;18;89;50;85;26;90;56;72;12;1;21;48;86;36;6;59;99;38;57;76,59;89;48;99;50;57;72;6;38;12,
624,8910,Marry,female,48;14;40;96;84;98;99;34;72;18;73;85;88;61;53;91,84;14,
625,9615,Annabel,female,23;26;79;30;62;25;15;93;21;91;10;19;22;32;70;45;16;28;7;24;68;4;95;88;6,88;93;70;79;30;45;28;68;21;62;95;4;16;23;25,
626,6671,Phillip,male,91;97;7;78;70;73;11;76;85;94;33;61;54;93;14;79;6;46;43;71,46;91;94;61;11;73;7,
627,7869,Hedy,female,24;72;28;10;3;67;60;39;85;36;90;74;52;76;29;35;27;30;44;92;91;20;81;41,,
628,6979,Carlyle,male,5;49;47;84;73;46;21;98;30,98;73;84;49;47;5;21;46,
629,8916,Cyril,male,44;13;93;62;80;31;94,44;93;13;62;31;80,
630,7142,Maryanne,female,68;37;86;29;25;1;54;66,86;54,
631,6774,Lucille,male,34;13;44;1;73;54;4;51;90;0;96;16;10;83;38;5;69;21;3;42;67,,
632,4264,Alysia,female,91;46;15;94;99;36;57;52;98;51;31;73;34;54;74;43;75,52;73;46;99,
633,1921,Barbie,female,93;52,,
634,1851,Teagan,male,75,,
635,8847,Eathel,female,94;86;71;83;18;29;14;52;36;8;72;5;10,72;29,
636,3057,Brandee,female,56;48;57;81;39;25;52;11;54;84;13;76;97;50;49;55;79;99;36;32;80;88,32;50;49;84;76;97;54;36;79;25;13,
637,2387,Jarod,male,32;17;71;88;25;81;0;70;78;95;85;53;45;8;11,45;78;8;95;85;0;70;71;17;88;53;81;32,
638,8897,Bret,male,65;30;21;78;24;19;88;44;66;83;94;93;82;85;48;96;5;12;62;77;99;87;68;39;72,85;87;39;30;44;82;99;65;88;66;68;96;24,
639,2327,Kerri,female,54;44;55;45;1;12;91;56;6;69;78;75;97;62;61;88;28;9;14,61;28;88;78;6;91;56;54;97,
640,4813,Johan,male,10;77;57;83;2,,
641,1026,Kason,male,72;94;45;29;71;39;50;24;52;25;73;88;78;43;44;42;79;53;4;36;30;95,45;72;79;44;50;30;25;29;78;36;53;71;73;42;24;43;94;4;88,
642,2978,Bud,male,44;74;48;60;95;3;98;93;35;61;47;59;46;40,98,
643,2518,Annika,female,31,,
644,3247,Ardyce,female,92;40;75;53;87;88;15;46;64;38;70;44;41;85;1;72;73;32;68;63;7;71;43;83;17,64;46;85;15,
645,7336,Stanford,male,49;7;64;54;92;58;77;13;39;42;74;97;83;87;89;88;57;63;6;0;76;60;66;30;11,30;54,
646,9201,Shirlee,female,99;58;71;91;17;60;95;13;86;78;69;57;23;19;68;80;12;44,58;71;78;99;19;91;69;80;60;17;13,
647,5738,Corbett,male,15;76;77;7;12;57,12;15;76,
648,8929,Brogan,male,33;99;84;88;12;52;19;49;28,88,
649,2388,Cruz,male,68;42;53;84;13,,
650,1028,Nunzio,male,92;45;29;93;1;13;4;96;9;25;64;62;70;48;60;39;82;32;67;86,45;39;13;29,
651,3243,Albin,male,33;99;97;78;76;17;16;46;14;2;75;42;11;5;58,17;2;75;76;97;78;16;11;42;33;99;5;14;46,
652,5203,Misty,female,88;89;52;79;22;44;45;96;1;53;17;32;69;33;63;2;64,2;88;45;63;1;32;69;53;96;79,
653,3519,Monica,female,55;39;35;24;48;49,,
654,2821,Patrica,female,41;72;64;30;87;11;97;52;51;62;36;69;32;26;22;31;49;19;90;82;39,72;31;62,
655,6618,Arra,female,81;34;27;54;11;66;89;29;42;68;19;26;41;91;85,27;19;68;91;66;41;26;81;54;89;11;29,
656,5331,Liana,female,23;64;71;18;55;76;16;4;8;77;43;24;92;0,43;64;16;92;71;23,
657,9844,Freeman,male,8;5;9;47;80;62;40;88;15;35;78;22;73;91;89;34;83;18;10;41;4;7,5;35,
658,2348,Maude,male,64;50;43;17,,
659,9732,Cecil,male,61;90;4;77;38,61,
660,3424,Sasha,female,66;83;70;21;49;18;61;76;72;30;38;16;96;92;6;11;54;32;56;87;94,56;87;18;92;49;66;38;61;11;32;96;54;30;70;6;76,
661,3950,Alfonzo,male,51;28;22;34;21;13;49;58;69;73;77;71;42;41;24;83;45;36;97;11;40,36;83;34;49;97;28;73;11;77;41;69;45;22;42;24;71;51;58;21,
662,2263,Brice,male,33;69;37,33,
663,3251,Troy,male,44;14;52;21;56;49;72;70;59;81;12;96;32;11;8;86;24;88;97;60;41,60;14;49,
664,4191,Brooke,female,95;89;44;33;39;98;79;68;73;80;58;92;74;99;88;94;22;65,89;74,
665,2695,Owens,male,87;92;23;76;57,23,
666,9760,Joycelyn,female,12;72;13;36;39;83,,
667,9782,Unique,female,61;8;0;55;19;25;16;52;53;56,25;55;53;0,
668,2134,Jaxson,male,80,,
669,8049,Levin,male,92;33;78;76;69;64;91;20;4;25;18;54;11;55,20;18,
670,4300,Florie,female,23;12;20;46;16;73;52;7;17;0;19;58;57;56;50;21;45;13;11;67;95,21;23;20,
671,5059,Brea,female,79;47;87;11;52;27;38;23;94;84;55;35;44;61;49;37;9;43;48;92;15,61;9;43;49;48;37;92;27;23;38,
672,7626,Fielding,male,88;7;50;38;51;95,38;50;51;88,
673,4080,Marcelo,male,19;61,19,
674,9603,Alida,female,77;64;88,77;64,
675,7823,Tyree,male,97;75;91;19;60;87;79;65;40;69;2;78;6;86;95;30;66;42;44,97;66;65;60;6;87;79;69;19;75;30;40;86;95;91;78;2;42,
676,8449,Cydney,female,88;68;36;76;43;62;20;12;23;94;25;79;96;67;24;48;87;64;56;97,76;64;20;67;79;87,
677,3415,Margy,female,59;49;77;30;46;48;63;74;85;14;7;31;52,31;74;59;14;30;46;7;77;85;63;49;48,
678,1087,Bebe,female,60;96;43;42;17;9;46;15,42;43,
679,5159,Yamilex,female,73;44;18;40;95;68;65;26;99;66;46;88;36;17;79;80;30;98;41,79;30,
680,5922,Kamilah,female,9;15;43;45;90;24;30;16;10;94;70;12;98;97;96,30;90;24;43;15;12;10;9;70;45;97;16;98,
681,2061,Seneca,male,51;89;58;22;49;74;52;81;30;31;24;46;71;8;88;76;15;25;75;56;87;45;32;62,81;58;56;22;32;30;8;76;45;75;24;88;49,
682,7162,Gee,male,44;20;85;4;57;99;58;23;73;82;14;80;72;74;70;8,20;74;23;99;82,
683,5936,Aubree,female,58,,
684,7790,Clarence,male,15;14;46;67;93;75;66;98;19;34;52;45;88;68;13;80;69;55,66;46;98;68,
685,7021,Arlington,male,32;20;38;80;95;98;42;46;82;60;34;49;74,60;20;49,
686,1910,Elias,male,53;28,,
687,3974,Florian,male,59;51;82;35;20;68;61;64;77;95;15;13;27;97,,
688,1071,Bradford,male,65;69;2;21;55;27;49;42;61,27,
689,6720,Phyliss,female,77;87;62;30;71;26;72;23;89;11,71,
690,3336,Othel,male,54;8;7;78;10;70;4;22;43;1;6;18;51;55;76;31;16;64;20;0;91;81;48,7;16;55;91;31;10;8;43;20;6;81;4;54,
691,3394,Curtiss,male,22;65;82;17;87;20;98;92;19;34;74;0;67;56;45;6;75;3;33;50;80;68;93,17;92;45;65;68;67;20;80;0;3;74;22;75;34;87;56;19,
692,6961,Delois,female,78;21;60;37;57;40;27;32;12;50;43,21;78;57;50;60;12;37;32;27;40,
693,1536,Clytie,female,12;47;46;44;69;18;8;36;1;99;74;30;85;52;39;57;27;23;11;81;43;65,44;74,
694,4595,Minna,female,71;7;17;8;99;82;34;69;23;52;28;31;90;94;60;70;83;50;42;19;80;73;25;13;74,7;50;52;25;60;73;83;23;82;28;34;71;19,
695,2071,Arne,male,98;96;13;90;59;48;78;66;31;11;85;93;68;10,90;13;31;11;59;68;98;96;78;66,
696,8625,Nevaeh,female,36;70;10;61;79;1;53;48;83;21;91;34;66;12;28,83;91;61;34;21;12;70;79;1;48;66;53;10,
697,6192,Enrico,male,56;80;37;19,80;37;56,
698,1325,Hudson,male,59;47;71;19;97;32;73;91;9;56;89;23;50;48;41;77;3;46;82,77;73;32;59;97;91;19;56;46;41;71;23;47;89;9;48;3,
699,2377,Lottie,female,62;60;85;41;32;47;96;63;8;55;25;19;30;91;66;90;18;37;52;46;29;49;51;57;83,52;8,
700,5728,Storm,male,6;81;1;68;74;27;46;20,27;68;6;1,
701,7171,Jarvis,male,18;25;2;93;51;61;72;9;67;92;63;59;55;6;87;52;85;44;76;48;3;41;16;38,93;44;61;85;16;72;52;3;51;6;48,
702,2340,Giana,female,89;28;95;99;94;20,28;99;95;94,
703,6787,Malaya,female,22;91;41;7;12;96;59;26;53;2;79;65;46;13,53;79;65,
704,1733,Dalvin,male,2;94,2,
705,1709,Nikki,female,21;97,21,
706,8728,Camren,male,60;41;71;49;27;8;14;77;29;73;62;48;21;22,60;21,
707,2156,Roxie,female,97;58;48;82,,
708,3493,Devon,male,16;36;49;64;14;72;29;55;12;62;34;5;2;54;89;67;87;20,2;34;54;36;29;87;67;12,
709,5728,Nyah,female,52;79;89;58;21;16;64;86;91;61;39;25;94;2;59;65;27;83;78,65;91;61;27;79;94;83,
710,8127,Santo,male,41;58;53;1;87;35,53,
711,5102,Verner,male,79,,
712,2414,Nallely,female,25;43;63;66;45;40;30;3,43,
713,6735,Shandra,female,29;12;37;52;44;38;83;22;81;47;89;58;18;17;7;30;74;72;10,29;12;47;44;52;37;7;81;18;72;30;83;38;22;58;89;74,
714,8376,Judi,female,42;61;15;14;7;80;31;64,61;15;7,
715,4601,Presley,male,70;35;99;13;19;52;62;2;22,70;19;62;13;2,
716,6356,Jamil,male,88;6;56;94;64;37;30;29;11;69;82;41;10;33;85;96;0;17;93;92;73,93;33;11;94;10;41;17;0;88,
717,2805,Tavaris,male,41;12;23;90;24;29;73;95;63;98;20;67;76;32;56;91;26;44,32;12;29;76;98;91;26;73,
718,3926,Noemi,female,78;17;80;77;73;22;86;72;14;38;46;50;6;60;24;79;20;65;85;39;4;92;54;88,79;20;54;50;4;17;78;65;6;77,
719,1377,Vallie,female,98;18;57;4;85;66;47;97;40;43;50;2;45;92;27;58;16;90,40;18;92;4;66;2;45;47;98;57;97,
720,9713,Destini,female,72;33;86;95;26;84;99;19;87;59;92;28;27;3,86;19;27;87;84;28;95;99,
721,2403,Marry,female,82;44;80;22;16;51;38;45;67;70;86,70;67;44;22;82,
722,9974,Giuseppe,male,6;13;37;4;35;5;47;21;75;16;87;53;97,21;87;53;35;6;4;47;13;16;5;37;75,
723,7665,January,female,93;44;99;83;48;69;46;79;63;0;61;51;50;54;18;92;89;29;17;9;73;28;10;7,50;46;92;10;89;54;79;93;9;29;28;69,
724,1837,Judd,male,57;7;1;37;67;79;30;97;92;77;43;35;61;46;95;14;78;62,37;57;7;14;46;43;79;67;92;95;35;61;30;97;78;77;1,
725,2306,Ouida,female,32;85;26;13;96;82;47;74;3;66;89;27,74;89;3;82;13;32;66;26;85;96,
726,7507,Debby,female,93;60;92;53;12;10;2;98;84;64;83;67;20;26;17;96;47;86;62;33;49;22,,
727,9973,Wayne,male,73;81;90;49;14;80;50;46;31;94;76;12;38;10;27;4;74;85;72;21;83;78;1;89,38;80;90;94;12;72;76;83;46;27;73;50;10;81;14;31;4;21;85;1;49,
728,6365,Kenia,female,14;11;25;51;42;57;26;82;9;5;99;33;18;41;13;72;85;1;24;93;35;6;84,18;13;85;33,
729,6864,Tucker,male,47;2;27;43;31;80;65,47;43;80,
730,3044,Cornelious,male,77;46;58;44;20;8;35;2;63;15;0,20;46,
731,5410,Wiley,male,50;49;2;40;91;37,49;50;40;2,
732,6822,Jacki,female,42;71;60;43;10;33,42;60;10,
733,5754,Dedra,female,67;49;25;8;27;38;89;56;60;21;57;43,49;21;56;89;27;60;57;67,
734,1791,Cedrick,male,82;69;73;78;52;79;66;96;45;23;71;80,69;71;52;96;23;45,
735,2323,Quinn,male,30;88;29;41;61;8;39;32;90;26;84;91;15;74;82;35;50;37,29;26;74;91,
736,7786,Tyrone,male,15;39;97;92;89;91;2;47,91;97;2;15;89;92;39,
737,5147,Jayleen,female,45;56;8;53;73;58;82;12;4;5;80;29;30;39;2;97;48;17;51;67;7;44;52,48;67;39;56;97;4;30;45;82;8;80;7;44;5;12;73;51;17;58,
738,9109,Kaydence,female,14;92;22;53;18;93;55;47;89;73,93;18,
739,1544,Darian,male,66;5;33;36;40;30;92;48;56;23;46;70;67;57;35;58;99;68;6,92;23;40;58;48;30;57;99;33;68;56;66;67;36;46;5;70;35,
740,2465,Lucius,male,8;44;43;1;11;35,11;1;44;8,
741,8351,Tamara,female,35;34;50;69;82;76,34;82,
742,8738,Berkley,male,0;98;86;40;84;21;99;5;56;74;67;6;9;64;18;79;57;1;55;88;75;82,88;57;56;0;6;99;40;55;21;67;5;18;1;9;79;86;84;75,
743,5218,Goebel,male,32;54;4,54,
744,6439,Kasandra,female,99;11;53;91;34;48;47;39;98;35;83;1;63;90;85;24,90;34;99;48;98;91;85,
745,6272,Mikhail,male,53;73;86;95,86;73;53,
746,2493,Emile,male,38;35;0;89;54;55;31,54;35;0;38,
747,3964,Altie,female,40;63;50;84;66,50;63;84;40,
748,3122,Florian,male,94;23,94,
749,4016,Mearl,male,61;95;29;30;11;65;20;27;9;68;64;22;92;47;48;49;45;51;43;77;73;31;44,43;11;61;65,
750,5858,Abdul,male,32;65;29,,
751,1223,Angelic,female,30;51;68;29;15;74;78;0;71;54;93;82;23;38;11;44;91;79;73,54;38;30;91;93,
752,6580,Lilyana,female,55;33;19;87;42;8;0;9;74;95;77;79;24;60;61;57;10;2;92;50,33;42;19;55;95;0;74;8;92;60;87;10;77;2;57;24,
753,5354,Wilbur,male,23;78;83;27;5;63;65,83;27;78;5;23,
754,7350,Dione,female,93;53;1;21;3;24;23;73;43;54;56,23;73;24,
755,8622,Almedia,female,9;48;16;43;84;2;46;94;18;75;67;60;31;91;32;11;3;27,3;32;31;18;67;84;91;9;43;11;16;46;94;60,
756,7007,Dudley,male,90;19;54;46;83;65;99;74;24;27;21;8;96;52;14;53;37;5,96;27;83;74;19;53;46;37;90;52;8;24;21;99;65;54,
757,4780,Rolland,male,75;13;32;89;51;6;71;86,32;71;51;89,
758,8016,Dante,male,19;2;4;20;75;8;37;41;40;74;54;64;91;33;70,2;37;4;40;91;41;64;75;8;20;54;19;33,
759,6788,Pink,male,30;18;87;20;86;78;38;63;83;52;15;21;40;8;54;53;19,87;63;86;15,
760,4381,Palmer,male,52;93;36;58;16;5;59;80;78;23;71;84;32;64;35,84;52;16;80;5;58;78;64;32;93;36;71;59,
761,7924,Issac,male,48;28;60;23;75;77;32;93;56;50;29;69;58;37;44;26;20;17;46;76;89;25,23;37;69;29,
762,3913,Sal,male,65;56;2;43;48;93;59;88;7;98;97;63;81;45;90;52;92;15,81;2,
763,8070,Oren,male,74;16;78;44;8;34;27;84;86;24;54;20;77;96;21;97,21;96;20;16,
764,1853,Madaline,female,2;29;39;17;92;49;11;25;52;78;42;74;22;90;59;31;83;85;55;87;84,52;49;59;11;29;55;78,
765,8883,Talmage,male,29;63;91;87;4;80;56,80;87,
766,3794,Beckett,male,15;68;42;36;88;44;66;21,68;36;44;66;42;15;88,
767,8326,Schley,male,82;4;67;74,4;82,
768,7405,Tyrel,male,34;62;4;5;53;8;7;87;46;97;19;47;10;82;26;95;1;14;75;11;74,,
769,5505,Nelson,male,52;9;10;6;39;46;96;89;98;69;33;81;14;41;24;22;53;23;63;44;20;38,46;69;20;6;44;89;81;98;23;33;53;63;10;96;14;41;39;52;24;22,
770,8239,Rocky,male,59;82;40;95;26;92;97;98;1;84;81;37;20,,
771,5772,Casey,male,68;53;93;81;62;19;13;26;94;25;5;18;95;66;41;32;96,66;19,
772,3676,Emanuel,male,89;30;32;2;53;82;43;71;74;98;45;7,98,
773,9678,Kim,male,34;10;51;49;94;66;93;60;76;40;83;90;20;65;33;82;92;85;52;35;73;67;11,35;10;90;82;94;65;73;66,
774,9925,Cecile,female,35;12;56;74;32;44;92;96;52,32;35,
775,3321,Gabe,male,29;59;37;17;81;87;23;50;72;85;83;70;98;27;30;3;94;95;62,81;30;27;98;50;29;17;83;95;37;70;94;23;59;87,
776,6579,Charlottie,female,6;89;73;41;9;37;88;30;58;69;70;5;83;86;52;59,73;88;89;83;86;37;70;30,
777,2298,Neely,male,54;17;84;47;39;50;14;4;95;18;24;20;12;85;82;59;88;43;53;46,17;84;47;53;39;14;4;43;24;12;88,
778,4332,Alice,male,8;18;69;11;89;33;1;95;38;56;23;78;79,95;38,
779,8514,Lavera,female,44;62;22;54;97;39;42;19;21;60;32;0;20;68;2;61;34;43;63;90;36;50;27,22;2;43;42;54;0;20;21;60;44;61;36;63;68;90,
780,1568,Corry,male,24;70;76;38;5;41;94;10;67;9;11;56;36;43;31;62;57;81;27;79;18,79;11;43;24;62;36;38;67;76;10;81;27;9;31;56;41;57;94;5;70,
781,5875,Mima,female,96;18;8;29;9;10;62;59;61;13;48;19;81;3;56;28;85;12;94;23,81;48,
782,6455,Sydell,female,72;25;66;33;19;83;75;79;14;40;15;24,66;75;79;15;33;72;14;40,
783,3558,Shakira,female,81;87;65;36;91;94;50;18;2;60;51;20;80;44;16;52;57;29;54;66;32;17;71;89;34,36;80;87;51;2;50;32;60;52,
784,7035,Josephine,male,20;90;21;93;13;97;17;76;92;75;25;74,76;75;21;25;20;93;13;90;97;92;17,
785,2255,Arman,male,27;56;70;79;23;93;64;61;14;36;59,64;14;70;79;93;61;23;27;56,
786,2569,Orilla,female,94;43;99,43;94,
787,8637,Yajaira,female,1;35;96;55;85,55,
788,8408,Normand,male,43;17;21;57;13;68;62;18;5;38;37;54;25;24;20;97;81;83;61;88;40;70,57;97;83;43;17;20;40;38;68;88;54;37;13;5,
789,4113,Marlene,female,16;8;0;95;83;17;91;12;87;50;47;90;26;2;25;62;84;23;32;33;41;86;67,86;84;95;91;25,
790,2628,Cyntha,female,66;75;17;95;52;39;69;79;62;28,52;66;69;95;17;75;79;62,
791,7783,Hessie,female,27;43;71;22;53;49;69;44;24;15;50;76;25;72;42;57,42;44;22;76;27;71;72;24;69;49;25;15;43;53,
792,9384,Arron,male,38;63;23;72;26;30;9;55;69;8;2;3;57;75;24;27;45;64;49;79,30;27;8,
793,4059,Derl,male,25;2;93;41;24;91;23;90;26;61;1;28;58;87;34;47;15;50;95;33;80,61;15;33;47;26;50,
794,5233,Vernal,male,64;60;59;20;18;85;76;54;7;79;40,60,
795,7897,Margarito,male,26;82;19;3;84;40,19;82;26;3;84,
796,8892,Oscar,male,49;85;78;79;97;4;29;92;60;98;88;54;63;20;1;10;75,98;97;10;88;85;4;78;79;92;20;1;60;54;63,
797,8189,Chandra,female,15;92;36;0;99;50;80;46;43;7;47;58;12;95;66;71;31;69;54;40;32;91;84;20;62,47;40,
798,1797,Bayard,male,44;27;40;43;59,,
799,3719,Wing,male,86;15;96;22;38;3;85;48;44,38;22;85;86;96,
800,2677,Amiyah,female,44,,
801,3031,Terese,female,16;96;67;13;31;69;14;39;62;82;54;84;52;8;91;12;7;50;93;45;15;2;44;48,93;44;96;54;45;67;2;50;13;39;12;16;14;15;62;52;91;8;69;7,
802,1153,Kandace,female,18;93;98;29;63;50;17;99;54;94;23;12;14;39,99,
803,8164,Katelyn,female,66;23;50,23,
804,8356,Aliyah,female,23;37;17,37;23,
805,9477,Mariah,female,82;25;32;14;71;30;39;24;91;99;48;88;7,25;14;91;30;99;24;88;39;71;82,
806,4146,Aydin,male,72;76;36;51;6;4,76;36;72;6,
807,6924,Tami,female,7;27;5;61;19;41;40;44;0;54,0;44;5;61;40;41,
808,4951,Hasan,male,68;39;61;64,,
809,8615,Shonda,female,58;43;90;35;71,,
810,6394,Devonte,male,90;6;48;35;52;12;61;16;7;32;1;58;81;8;36;51;3;94,51,
811,9724,Rocco,male,18;10;80;51;64;60;47,,
812,6801,Octavio,male,56;42;69;68;72;53;48;75;2;25;15;96;97;41;49;47;85;71;44,,
813,5134,Perri,female,24;26;91;11;50,26;91;24,
814,1455,Aloys,male,39;27;72;16;21;19;59;34,39;59;27;16;72,
815,8234,Gorge,male,27;56;85;41;13;90;1;8;62;44;35;60;3;23;66;72;69;58;12;89;52,56;27;72;44,
816,9209,Ilo,female,49;19;6;92;91;53;69;51;71;39;24;76;13;94;23;72;27;74;88;46;18;3;44;81,91;53;74;6;18;92,
817,8172,Ferdinand,male,40;13;7;53;70;36;88;21,,
818,4162,Frederica,female,27;65;99;80;96;64;44;56;5;70;76;66,76;96;56;65;5;80,
819,8772,Samir,male,21;18;80;29;79;98;17;54;5;26;74;87;25;36;62,29;36;74;79;18;80;21,
820,1994,Kay,male,61;15;55;45;7;35;24;99;76;74;42;52;8;2,99;45;52;8;35,
821,2500,Macie,female,30;38;79;43;90;57;74;22;67;3;62;97;96;45;59;92;23;85;58;81;28;69;7,30;58;97;23;62;81;69;92;67;74;96;59;57;38;43;28;85;79;45;90;22,
822,2135,Sumner,male,35;64;96,,
823,9848,Urban,male,18;87;24;33;44;86;37;55;74;11;70;99;9;83,44;74;99;70,
824,9664,Chas,male,69;83;71;12;62;66;75;1;21;53;96;67;33,53;62;75;21;71;66;69;83,
825,2779,Onnie,female,28;68;34;95;15,68,
826,8056,Karissa,female,64;95;66;18;2,18,
827,2694,Joni,female,9;58;54;62;57;34;32;4;31;56;83;15;19;45;65,4;19;32;58;31;83;54,
828,7822,Lulie,female,94;67;87;54;57;3;30;99;62;48;70;61;34;11;58;60;79;47;22;88;46;29,70,
829,5459,Winfred,male,54;55;2;62,,
830,2467,Werner,male,11;34;59;45;3;60;7;13;58;55;67;18;89;38;51;94;4;41;61;83;98;96;25;86,98;60;89;83;45;55;51;67;25;59;18;4;11;13;96;7;94;38;41;61;58,
831,6410,Woodie,male,45;41;10;13;73;54;27;67;2;83;89;34;78;17;91;80;22;76;48;43,2;17,
832,1195,Paige,female,40;50;44;88;53;78;25;99;49;18;58;65;97;62;92;43;82;15;71;23,78;53;82;58;71;49;97;92;88;25;40;62;15,
833,9449,Gwyn,female,94;65;87,,
834,7153,Mayme,female,85;49;65,,
835,3323,Aniya,female,8;97,8,
836,7816,Wende,female,93;63;51;11;39;60;92;78;53;4;71;9;7;38;27,39;9;11;63;53;93;92;38;60,
837,2951,Marcelina,female,8;40;90;56;15;81,15;8;90;40;56,
838,1117,Sherman,male,39;30;79;78;42;58;27;44;82;51;14,39;27;82;51;58;78;44;79,
839,4670,Marion,male,78;3;76;62;65;23;93;26;82;32;12;51;9;95;91;29;52;63,9;95;65;12;91;82;32;3;62,
840,8555,Kati,female,4;14;77;66;75;96;17;5;48;7;98,,
841,7805,Natalia,female,66;12;57;78;48;47;23,48,
842,2006,Ethen,male,60;23;88;83;22;63;67;16;91;95;5;47;76;13;71;45;61,45;95;88;76;71;5;47;16;13;67;91;83;23;63,
843,7874,Linton,male,39;46;67;70;95;52;41;59;62;99;23;12;86;34;4;18;85;25;2;79,34;85;12;4;67;99;70,
844,2802,Casimer,male,72;73;53;56;10;59;14;47;71;37;77;39;15;51;8,15;10;39;53;47;71;72;59;14;37,
845,9476,Larissa,female,4;98;43;3;44;52;10;0;55;37;28;17;16;81;83;64,0;28,
846,5781,Angeles,female,89;77;22;23;73;59;83;25;93;81;4;10,4;59;22;77;89;83;81;93;73,
847,3230,Deeann,female,39;55;17;13;19;21;60;94;54;65;4;61;62;18;97;0;89;22;72,0;19;62;17;54,
848,4317,Kendall,male,89;5;99;55;37;79;29;90;32;74;60;20;57;61;33;75;96,55;29;5;37;33;61;99;60,
849,2648,Baron,male,56;38;33;63;16;3;47;25;75;95;94;17;88;77;54;37;13;97;6;28;48;59,6;75;37;17;56;54;16;33;28;13;94;25;63;97;88;47;38;3;95,
850,3869,Dion,male,5;29;21;56;64;14;54,21;56;14;29;64,
851,8033,Vernita,female,14;29;76;59;79;93;65;18;71;44;86;12;61;53;74;69;94;7;31;81,53;31;61;14;59;76;71;44;69;94;93;86;79;65;29;12;74;7;18,
852,5879,Roll,male,17;92;86;45;85;87,45,
853,9200,Durrell,male,78;55;66;43;27;62;88;77;19;0;63,,
854,5948,Eleanore,female,3;95;87;40;55;64;52;83;42;74;29;86;96;80;14;25;32;89;53,96,
855,2402,Ericka,female,97;64;57;91;65;24;0;35;14;96;90,96;97;65;91;57;64;0,
856,8698,Edythe,female,29;47;56;25;45;64;11;0;66;68;17;60;87;48;90;33;99;8;63;76,45;56;17;29,
857,9432,Alfie,male,60;61;2;8;95;59;5;3;1;62;80,60;95;1;59;61;8;2;5;62,
858,7849,Hellen,female,32;57;9;20;87;35;40;56,40;9;57,
859,6940,Delphin,male,17;56;35;88;18;5,,
860,9775,Gavyn,male,41;56;43,56,
861,9842,Dalia,female,44;97;88;41;29;27,41;88,
862,6459,Fed,male,97,,
863,9496,Tameka,female,25;11;0;53;52;39;5;24;91;88;86;34;31;77;46;87;9;27;67;83;29;84;36;61,11;83;24;34;5;9;88;29;25;39;46;53;91;77;31;0;87;27;86;67;52,
864,2016,Rosia,female,37;21;80;72;93;91;0,80;72;91;93;21,
865,7456,Jemima,female,59;44;66;28;1;29;95;96;72;55;43;73;31;41;63;17;78;76;62;34,63;78;62;44,
866,2867,Layton,male,68;67;82;75;9;99;69;35;57;56;47;49;62;37;84;50;60;8,68;69,
867,4778,Aliyah,female,78;43;5;92;37;9,37;43,
868,5150,Cooper,male,12;43;30;69;55;85;95;19;65;51;60;82;32;44;88;91;17;66;58;45;24;63;57;42;50,57;51;63;24;17,
869,5055,Manda,female,71;35,,
870,2975,Alabama,female,33;64;32;90;46,32;64;33,
871,3131,Donna,male,27;25;21;15;63;36;74;18,21,
872,4555,Leonora,female,49;62;57;55;79;76;74;77;95;24,49;57;77;95;55;74,
873,6394,Jaylon,male,34;84;92;61;11;78,61;84;92,
874,4302,Verle,male,52;98;1;8;39;32;36;99;43;89,43,
875,6826,Mellissa,female,76;14;0;66;48;3;71;84;59;85;23;91;1;78;45;95;90;40;97;35;73,66;40;0;1;45;85;78,
876,3648,Alison,female,93;74;35;72;19;79;82;92;27;63;50;65;49;43;88;98;1;32;30,82;32;35;49,
877,9884,Zane,male,71;44;80;6;84;63;25;58;5;45;68,58,
878,7468,Eugene,male,31;24;0;12;40;66;13;90;16;67;89;7;63;49;68;93;85;95;69;80;39;82;50;79;28,68;80;79;50;39;67;82;24;40;69;31;89;0;85;95;93;16;66;13;7;63;90;12,
879,1640,Mortimer,male,77;16;37;82;32;73;94;28;27;46;10,46;37;73;28;16,
880,3167,Cortney,male,7;90;70;17;6;41;30;9;81;19;69;50;27;59;95;36;13;78;39;11;73;44;48;31;49,48;41;6;36;17;7;31;90;13;70;30;39;69;81;9;78;11;95;19;59;50;44;73;27,
881,3332,Ethelene,female,93;2;74;81;63;96;13;25;97;85;88;45;33;39;54;56,39;93,
882,3842,Fernando,male,28;5;30;10;22;67,28;30;22;5,
883,3758,Annamae,female,92;47;27;61,27;92;47,
884,9108,Sofia,female,89;35;20;71;11;46;85;30;21;42;73;70;54;27;26;91;12;28;13,91;46;26;89;28,
885,3700,Thomas,male,75;15;3;60;68;87;5;42;30;52;27;32;99;47;74;6;48;80;85;41;95;37;43;69;38,95;74;6;41;47;75;27;68;80;85;52,
886,1982,Marlys,female,4;94;20;19;9;47;50;72;85;88;61;33;17;57;38;53,33;50;88;85;94,
887,5210,Primus,male,93;38;57;47;80;54;18;13;21;92;52;24;69;53;56;75;40;11;89;44;67;97;86;49;61,21;11;49;52;75;86;92;97;13;38;89;18;80;56;69;44,
888,6071,Gavin,male,37;56;41;20;82;42;19;49;57;46;12;28;88;24;80;7;29;33;47,37;12,
889,4320,Tremaine,male,92;2;66;94;28;37;27;91;62;89;85,89;2;91;27;62;94;37,
890,1011,Ali,male,48;6;65;67;20;60;94;29;11;50;92,6;50;29;48;11;65;94;67,
891,6377,Margaretta,female,32;61;20;36;99;75;26;47;45;66;8;34;11;13;30;82;21;97;85;40;22;28,26;47;11;97;8,
892,3187,Torrey,male,71;48;69;60;37;45;3;90;40;31;95;46;88;96;70;83;18,71;48;45;95;31;90;88;40;96;46;3;83;60;69;70,
893,7498,Kyler,male,90;21;68;0;43;45;20;12;18;11;24;2;49;23;58;56;19;87;38;17;3;44;39;91,12;38;24;23;18;68;19;21;39;56;43;44,
894,2961,Myrtis,female,64;6;84;86;16;51;96;36;76;87;29;49;17;12;20;71;93;60;55;52;77;85;72,49;16;6;29;77;93;12;17;71;84;64;87;76;55;51;36;52;20,
895,7063,Audley,male,61;63;58;93;23;68;98;72;28;16,68;63,
896,4252,Chanel,female,61;2,,
897,2080,Chrystal,female,21;12;53;37;79;95;86;10;77;82;75;7;61;31;15;58;41,75;31;95;7;86;58;82;61;37;77,
898,2905,Enrique,male,40;60;53;29;96;91;32;68;51;88;72;97;77;89;70;23;55;66,89;91;97;68;23;40;77;70;29;72;60;88,
899,6797,Hillery,male,87;20;77;7;67;23;44;69;96;68;76,44;69;20;87;67;7;23;96;68,
900,3052,Kiarra,female,22;79;81;78;94;35;87;31;0;26;30;74;90;72;67;63;52;51;96;20;47;55,35;31;72;94;0;81;78;22;26;67;90;51;52;20;96;47;30;87;74,
901,5231,Romello,male,37;74;42;16;39;76;38,39;74;16;37;42;76,
902,6288,Hosie,male,41;56,,
903,5439,Finis,male,16;87;73;0;75,16;87;73,
904,6418,Loula,female,63;81;85;51;15;13;39;68;8;44;29;43;90;6;69;3;96;91,,
905,1936,Eathel,female,55;11;28;26;52;0;42;86;43;25;38;75;24;74;39;35;90;64,42;52;24,
906,4563,Tavon,male,29;85;48,85;29,
907,3086,Harrie,male,44;99;79;23;49;86;11;45;52;4;30;94;69;92;54;20;65,45;49;30;92;79;20;94;99;11;52;44;54;86;69,
908,6867,Rod,male,44;14;2;5;16;76;99;19;41;47;97;23;39;50;3;80;73;59;12;84;75;4;24,2;44;76;14;3;59;75;84;5;47;41;97;99;12;50,
909,4460,Britt,male,69;67;78;35;55;3;15;98;59;54,78;3;55,
910,6826,Jimmy,male,21,,
911,8104,Kennedy,male,48;21;87;20;72;25;5;56;94;92;9;60;78;31;34;53;69,34;94,
912,1357,Joselyn,female,18;65;30;2;22;68,18;2;22,
913,8556,Irven,male,22;79;56;96,56;79;22,
914,2630,Koby,male,77;50;80;90;29;5;1;23;60;81;37;58;40;39;19;63,39;81;1;58;5;60;29;40;23;19,
915,2997,Karren,female,19;77;74,,
916,8889,Hayward,male,50;90;77;73;88;54;4;70;20;64;60;55;33;10;42;6;7;15;47;23;19;27,47;88;20,
917,7169,Zayden,male,25;12;26;88;66;18;55;28;16,28;66;55,
918,6199,Verner,male,20;43;68;84,43;68;20,
919,8478,Manuelita,female,54;40;33;48;99;37;97;77;51;50;15,54;99;97;40;33;51;50;37;48;77,
920,3324,Osie,male,42;79;44;20;86;81;65;97,,
921,1264,Ovid,male,57;5;84;49;31;61;59;78,61;31,
922,8762,Yadiel,male,97;37;49;31;48;43,,
923,2441,Rocky,male,27;50;39;65;3;94;46;52;13;62,3;27;94;52;50;13;39;65,
924,7285,Caiden,male,79;9;14;82;66;15;91;83;0,15;83;91;14;79;82,
925,2576,Dani,female,78;73;2;11;94;69;30;52;67;38;83;21;63;89;12;28;79;36,94;78;63;83;79;73;28;12;69;52;30;11;89;67;21;38;2,
926,4016,Ozzie,male,68;21;0;59;29;44,21;59;68;29,
927,2492,Ryan,male,6;11;74;13;8;10;25;26;43;36;48,10;43,
928,2648,Terese,female,87;16;35;24;90;84;97;38;95;0;52;74;48;22;13,87;95;35,
929,7812,Kinley,female,98;73;9;58;44;76;55;46;56;39;74,,
930,2905,Maureen,female,86;65;19;18;95;54;27;14;62;96;0;92;78,96;86;54,
931,4761,Hoke,male,53;13;80;22;48;91;90;26;72;20;41;25;98;4;58;66;34;96;14,96;80;53;58;98;90;66;22;48;41;25;91;13,
932,8925,Saniyah,female,57;15;61;48;81;1;58;8;38;18;30;19;60;9;50;28;96,58;61;8;15;1;30;48;19;57;9;38,
933,6652,Greta,female,73;6;78;34,6;78;73,
934,2567,Dijon,male,18;17;56;52;95;35;66;67;28;94;76;47;24;70;90;12;55;91;46;51;61;27,61;95;55;67;35;18;46,
935,7282,Sloane,female,43;16;99;46;71;90;31;55;44,99;46;43;55,
936,8176,Terrence,male,54;40;60;15;90;28,60;40;54;15;90,
937,9709,Bedford,male,12;61;37;33;74;57;35;30;31;26;64;92;86;80;14;10,57;12;86;31,
938,8386,Guilford,male,72;53;22;55;18;50;88;76;52;73;54;48;58;14;64;69;19;59;49,76;88;53;69;59;50;18;58;55,
939,7157,Rianna,female,41;25;19;89;39;11;46;65;95;93;57;38;56;26,89;38;41;56;19;25;95;57;39;65,
940,9098,Aliyah,female,16;3;18;95;37;9;93;42;97;94;77;38;32;6;22;20;2;15;92,42;37;22;97;93;2;16;3;77;38;6;94;18;32;9;95;20,
941,5022,Debrah,female,83;36;42;94,83;36;42,
942,7427,Erla,female,4;33;42;79;95;34;15;21;23;6;69;63;50;12;56;57;39;49;72;67;87;8;77;91,21;95;77;57;34;63;4;33;87;8;6;12;50,
943,1284,Marjory,female,74;76;23;28;39;85;60;86;59;14;48;15,85;60;39;28;59;76;23;14;48;74;86,
944,7097,Garrick,male,78;95;29;1;32;7;83;21;35;58;66;64;89;56;93,64;89;35;58;78;83,
945,7460,Johnpaul,male,39;76;61;19;46;84;58,19;46;84;39;76,
946,7522,Kiyoshi,male,38;58;7;46;91;32;25;56;9;49;77;2;92;23;6;61;78;26;20,25;26;23;38;49;2,
947,5502,Dyllan,male,65;14;47;63;36;9;46;48;0;22;75;59;23;17;56;12;3;4;78;7;41;8,78;23;9;17;22;4;7,
948,7154,Corbin,male,13;55;84;66;32;29;45;59;48;28;73;22;92,66;48;22;28,
949,2478,Lani,female,99;59;29;39;23;28;58;36;48,28;23;59;36;99;58,
950,8082,Shelia,female,1;78;41;68;67;66;77;16;87,,
951,1432,Ayaan,male,48;82;40;80;75;27,,
952,5453,Kati,female,61;39;70;84;85;14,,
953,5319,Lashawn,male,28;39;86;49;40;83;24;18;47;32;51;79;53;54;16;97;90,53;54;39;24;86,
954,9695,Pleas,male,35;0;98;8;65;97;56;83;6;85;40;15;11;34;67;75;72;95;44;89;7;48;57;38,11;57;75;85;40;0;95;56;44;83;72;6;34;65;48;8;15;97;35;98;67;89,
955,7480,Jeremie,male,29;82;60;2,29;82;60,
956,3953,Brandie,female,76;72;62;11;24;86;31;53;78;38;43;99;67;7;13;37;97;20;74;25;50;15;92,,
957,1516,Lessie,male,43;59;46;89;71;65;54;75;96;56;51;30;42;77;87;15;21;97;35,42;54;43;46;15;75;77;65;51;97;30;96;89;56;21;71;87,
958,3019,Etha,female,54;55;44;27;70;29;51;14;56;98;23;74;65;21;15;25;16;93;48;8;31;64;85,54;21;29;15;55;16;25;65;23;64;14;74;93;48;8;70,
959,2265,Tonya,female,31;54;8;2,31;8,
960,9549,Suzann,female,57;11;69;39;52;49;84;36;79;43;20;78;21;71;73;18;62;89;75;81;12;90;38;34;54,11;79;36;49;71;89;43;39;84;18;90;21;57;69;20;73;38;81;52;12;34;62;75,
961,6327,Lenny,male,4;77;24;67;36,24;4,
962,8436,Vira,female,35;58;55;89;16;44;22;87;38;95;26;93;32;7;33;98;91;86;92;29;14,93;58;16,
963,7794,Emelia,female,28;64;24;93;0;95;22;97;27;18;32;58;96;89;44;14;94;84;48;35;85;13,94;48;28;22;64,
964,9011,Miesha,female,24;6;64;68;44;93;63;47;23;57;71;73;41;15;28;87;88;83;4;81;27;45,87;41;73;71;4;6;23;57;93;27;24;64;81;28;15;47;68;88;63;83,
965,9782,Aili,female,37;15;86;27;32;45;9;68;34;23;2;50;60;65;0;11;85;21;91;58;79;31;90;83,2;65;37;86;79;21;27;90;31;9;85;32;0,
967,5838,Luz,female,52;77;28;8;21;6;53;31;90;34;43;86;20;50;29;97;64,21,
968,4890,Teressa,female,89;32;78;4;98;23;25;14;44;63;57;88;24;18;42;61;82;5;70;16,4;24;78;70;89;18;44;98;82;5;88;61;32;42;23,
969,9981,Buck,male,68;77;66;22,68;66,
970,8760,Tana,female,34;76;87;36;83;95;7;30;4;22,95;34,
971,8281,Jakob,male,49;98;62;47,98;49;62,
972,8171,Godfrey,male,9;23;89;83,23;89;9,
973,8339,Santina,female,88;62;31;12;8;44,88;31,
974,9395,Yoshiko,female,86;27;72;70;0;14,86;72;70;0;27,
975,3374,Selina,female,0;11;68,11;0,
976,8973,Angele,female,22;97;55;57;87,55,
977,2867,Chancy,male,27;13;25;98;1;79;0;77;75;68;19;52;44;93;73;63;4;62;83;18,93;62;83;13;0;75;52;25,
978,6846,Greg,male,17;1;57;56;62;76;61;16;82;27;18;34;12;51;30,57;1;51;62;18;27;12;16;17;76;34,
979,1680,Nannie,female,34;71;82;10;76;38;35;86;52;26;47;23;78;24;60;33;72;91;81;79;54;11;25;50;46,86;81;23;82;38;71;52;24;25;34;11;10,
981,2714,Laverna,female,84;73;43;46;28;47;40;95;99;74;65;80;56,74;84;47,
982,6063,Bentley,male,17;89;85;69;55;95;98;74;46;86;19;11;13;54;20;79;72;97,17;86,
984,4618,Kavon,male,83;59,,
985,4895,Karim,male,17;93;91;21;10;57;73;3;47;44;72;95;43;1;79;19;65;48;12;98;20;24;53,,
986,4363,Nallely,female,62;46;58;19;49;78;28;29;80;79;48;16;95;72;23;96;57,72;58;78;16;96;19,
987,7108,Bryce,male,45;32;82;11;28;68;25;26;8;44,45,
988,4584,Zela,female,33;13;24;96;57;1;93;64;62;77;25;53,57;64;93;13;24,
990,3288,Dona,female,70;34;1;68;2;29,2;68,
991,1679,Clare,male,84;70,84,
992,3534,Danyel,female,30;70;52;55;90;82,70;30;52;90;55,
993,3225,Malvina,female,15;28;35;4;39;7;78;58;68;97;66;98;81;82;53;61,68;4;28;97;66;53;82;78;7;81;98;58;35;15;39,
994,8850,Suellen,female,96;26;64;79;61;82;16;46;45;1;78;40;69;15,78;16;61;82;26;1;46;79,
997,2648,Larry,male,98;25;86;89;44;46;19;23;28;2;48;7;54;67;82;35;30;49;61;84;70,61;30;86,
998,3339,Luberta,female,10;17;55;77;71;32;98;81;14;87;15;22;46;63;5;68;9;44;3;25;84;47,,
999,8428,Rishi,men,23;70;44;27;66;68,44;70;66;23,pink;skirt
966,1067,Torrence,male,84;44;89;62;49;86;37;59;66;11;35;55;10;48;81;96;2;91,86;49;35;66;48;10;59;37;84;62;96;11;55;89;2;81,blue;shirt
995,2719,Harmony,female,10;30;76;83;8;36;49;19;41;5;95;78;18;4;82;91;11;72;53;92;67;21,49;72;18;11;82;92,
998,3564,Elvira,men,,,
989,4680,Elfreda,female,61;84;0;91;23;90;83;59;62,91;83;84;59;23;61,
980,8262,Adelbert,male,10;65;93;53;9;83;14;92;87;15;5;13,93;9;15;65;92;10;83;14;53;5,
983,9960,Windell,male,39;44;13;20;76;16;47;37;58;3;90;42;30;64;74;65;69;29;61;7;92;45;80;0,76;74;61;30;42;39;92;45;44;65;37;29;13;16;69;3;80;47;90;20,